Player,Team,Pos,G,MP,PER,TS%,eFG%,3PAr,FTr,ORB%,TRB%,AST%,STL%,BLK%,TOV%,USG%,ORtg,DRtg,OWS,DWS,WS,WS/40,DWS_40,OWS_40,archetype_soft,resp_1,resp_2,resp_3,resp_4,resp_5,outlier_flag,latent_y_star,latent_y_pred,skill_score,skill_ci_low,skill_ci_high,Pos5,latent_y_pred_pos,skill_score_pos5,skill_score_global_from_pos_model
Monique Akoa Makani,PHO,G,41,881.0,12.2,0.556,0.523,0.464,0.155,3.2,5.9,20.5,1.9,0.3,16.3,17.3,107,106.0,1.2,1.0,2.2,0.099,0.0454029511918274,0.0544835414301929,2,0.0001393149678608,0.997686883768939,9.400458309260477e-37,0.0002470557310858,0.0019267455321147,0,-0.0750833776169343,0.0381787132937424,52.93911948049577,48.19071776653367,57.15034906014769,PG,-0.05414212378016309,46.666666666666664,45.52845528455285
Julie Allemand,LAS,G,34,963.0,11.5,0.547,0.528,0.635,0.119,1.6,7.9,25.7,2.4,0.1,24.1,10.2,110,111.0,1.2,0.4,1.5,0.064,0.0166147455867082,0.0498442367601246,2,1.751946321422286e-41,0.9870082734397287,1.1921651523993878e-20,0.0129917265602391,3.1520087176575644e-14,1,-0.4988826786974921,-0.5557400359554403,31.200072324655157,26.087895498689463,38.86520448707383,PG,-0.9277054719186943,23.333333333333332,22.764227642276424
Lindsay Allen,CON,G,31,450.0,6.6,0.493,0.423,0.277,0.354,2.3,4.2,21.5,1.2,1.3,29.2,10.7,93,116.0,-0.2,-0.2,-0.3,-0.029,-0.0177777777777777,-0.0177777777777777,5,3.215235568347118e-32,0.0053623264756339,2.1488895706589694e-27,6.436150831084863e-07,0.9946370299092828,0,-1.7540790839933085,-1.6180494965309706,0.0,0.0,0.1777496172570335,PG,-2.1192276305160904,3.3333333333333335,0.8130081300813009
Rebecca Allen,CHI,F-G,44,821.0,7.9,0.444,0.429,0.55,0.129,2.3,8.1,11.5,1.5,2.6,13.3,16.0,90,112.0,-0.6,0.2,-0.5,-0.022,0.0097442143727162,-0.0292326431181486,5,3.9130971055441225e-15,1.93202570098127e-08,0.0002723377354427,9.194695315581898e-05,0.9996356959911408,0,-1.507903857160665,-1.7145741499502485,0.0,0.0,0.0,SF,-1.4831916187940908,5.263157894736842,5.691056910569106
Laeticia Amihere,GSV,F,29,385.0,18.3,0.55,0.469,0.184,0.553,10.8,19.0,13.3,2.4,3.6,18.4,21.0,105,96.0,0.5,1.0,1.5,0.156,0.1038961038961039,0.0519480519480519,4,0.0032256196767374,1.3337822801332688e-27,1.6821774833503223e-40,0.9967743803232624,6.39446818735622e-43,0,0.9127882371412962,1.1782020717120334,94.66708577006834,88.26976537106924,100.0,PF,1.2582489140744582,73.68421052631578,91.869918699187
Ariel Atkins,CHI,G,34,970.0,16.0,0.551,0.503,0.326,0.255,2.8,6.9,23.5,2.8,2.3,17.1,22.7,103,110.0,1.1,0.5,1.6,0.065,0.0206185567010309,0.045360824742268,2,3.4923335464738236e-10,0.9957720457428336,3.3917914323810306e-63,0.000219047729537,0.004008906178396,0,-0.2497146266136528,-0.1473498500252209,46.14826771525852,42.25415806856072,51.01477717770016,PG,-0.09913624770161736,43.333333333333336,43.08943089430895
Shakira Austin,WAS,F-C,38,874.0,18.4,0.506,0.467,0.036,0.355,8.0,17.0,16.3,2.4,4.7,16.2,29.9,93,100.0,-0.8,1.8,1.1,0.049,0.0823798627002288,-0.0366132723112128,4,4.5110326777409824e-10,1.7486990961861944e-21,1.997485291709349e-111,0.999999999548896,6.014899615955997e-16,0,-0.147438226679391,0.7558940944149048,79.20946123075923,73.09776955552002,87.80851060116323,C,0.7361758694234741,70.83333333333333,78.04878048780488
Rachel Banham,CHI,G,44,1081.0,10.6,0.544,0.509,0.713,0.175,0.7,4.0,18.9,1.3,1.0,16.3,18.1,103,116.0,0.9,-0.3,0.5,0.02,-0.0111008325624421,0.0333024976873265,2,1.1499253639187017e-12,0.9645447886852044,9.048264409728544e-17,2.2898597001080533e-06,0.0354529214539454,0,-1.0241629693091938,-0.8947422941702592,18.791664463167617,14.85031952115015,23.279998924671222,SG,-1.0444459670535309,18.51851851851852,17.073170731707318
Sarah Ashlee Barker,LAS,G,34,481.0,4.1,0.458,0.423,0.587,0.231,2.5,8.2,9.4,1.2,0.8,24.4,14.1,81,113.0,-0.8,0.0,-0.8,-0.064,0.0,-0.0665280665280665,3,6.649776882079552e-18,7.429115464508053e-10,0.9613577984216708,1.839269060723196e-05,0.0386238081448102,0,-2.1499817357005258,-1.6485713984893238,0.0,0.0,0.0,SG,-1.8129046801569324,0.0,1.6260162601626018
Kierstan Bell,LVA,F,35,427.0,10.3,0.455,0.435,0.669,0.097,5.4,8.5,8.7,1.7,2.3,9.6,19.0,95,106.0,-0.1,0.5,0.3,0.031,0.0468384074941451,-0.009367681498829,5,1.5189429175589032e-19,3.7654182887872784e-06,2.299476660020661e-18,0.000872341172984,0.9991238934087272,0,-0.7779404185631719,-0.996843079481332,15.054497065553557,9.314696886983748,19.440572046616754,SF,-0.842692779096413,36.84210526315789,26.01626016260163
Monique Billings,GSV,F,26,474.0,16.9,0.545,0.51,0.238,0.351,9.3,14.3,5.8,1.8,4.7,10.8,19.2,108,99.0,0.7,1.0,1.7,0.145,0.0843881856540084,0.0590717299578059,4,5.040211257273689e-11,1.4554001294193915e-14,7.794898822687329e-26,0.9999999979482848,2.0012986728344793e-09,0,0.6826838982346877,0.609958032386952,73.86780306931213,66.75216332491254,78.9041975894109,PF,0.567171368710956,42.10526315789473,71.54471544715449
Aliyah Boston,IND,C-F,44,1327.0,22.8,0.58,0.544,0.058,0.292,9.6,16.5,21.3,2.0,2.8,12.5,21.9,118,101.0,4.6,2.5,7.1,0.215,0.0753579502637528,0.1386586284853052,4,4.428963216199045e-12,4.235369927777893e-15,4.6384156828371666e-38,0.9999999999955672,1.0844919169169723e-40,0,1.6294649781319306,1.0948963978158788,91.61787074618336,86.17922197820232,98.4098852715546,C,1.360781076162719,87.5,92.6829268292683
Cameron Brink,LAS,F,19,244.0,15.3,0.526,0.488,0.415,0.256,13.0,20.1,6.0,2.1,9.8,21.5,21.3,94,102.0,-0.1,0.4,0.3,0.055,0.0655737704918032,-0.0163934426229508,4,1.6270378515607322e-12,4.772078071495363e-40,1.4300215625298757e-51,0.9999999999983727,9.158818928549186e-30,0,-0.308595399193927,0.3710866811451569,65.12445968204005,61.13695350129347,71.63233616672751,PF,0.07418054814404242,15.789473684210526,47.967479674796756
Kalani Brown,PHO,C,29,370.0,18.8,0.664,0.63,0.083,0.365,10.9,18.1,7.4,1.0,4.6,17.1,16.3,119,100.0,1.0,0.7,1.7,0.187,0.0756756756756756,0.1081081081081081,4,2.498147415500605e-05,5.7523340922791795e-24,2.0015825808072712e-89,0.9999750185258452,6.7058837177317796e-43,1,1.1458249069088444,1.415293918403662,100.0,95.00029425844468,100.0,C,1.5197039438160924,91.66666666666666,95.1219512195122
Lexie Brown,SEA,G,24,227.0,8.5,0.487,0.458,0.771,0.208,1.0,4.5,14.5,2.0,0.4,10.3,11.8,103,106.0,0.1,0.3,0.4,0.069,0.052863436123348,0.0176211453744493,5,1.1256802473424209e-07,0.0379738215955221,1.864805142106725e-21,2.546514306450365e-06,0.9620235193221468,0,-0.5299635869419184,-0.7257045836927956,24.97890600728523,18.294271220150225,30.105681619953955,SG,-1.094215644474464,14.814814814814813,12.195121951219514
Paige Bueckers,DAL,G,36,1199.0,22.1,0.567,0.513,0.217,0.28,2.3,6.8,30.2,2.4,1.4,10.6,24.7,115,112.0,4.0,0.4,4.4,0.147,0.0133444537114261,0.1334445371142618,2,2.918939063716303e-29,0.9999479937467118,9.78488146065596e-119,4.5742032593983085e-05,6.26422069413486e-06,0,0.8147750212445773,0.0712576013409413,54.1498970624965,49.94492200305109,59.53077334225221,PG,0.26250334357234884,60.0,54.47154471544716
Kennedy Burke,NYL,G-F,36,779.0,13.9,0.602,0.573,0.509,0.248,3.3,6.3,9.5,1.8,1.9,12.3,16.4,110,106.0,1.2,0.9,2.1,0.109,0.0462130937098844,0.0616174582798459,1,0.9789951508255093,0.0059932215146213,0.0138928448106368,0.0003800967822374,0.0007386860669955,0,0.0994496709792778,0.1883506627978208,58.4358226842264,50.57216282352188,62.40017685100799,SF,0.09507450638427896,63.1578947368421,48.78048780487806
Rae Burrell,LAS,G-F,28,515.0,13.0,0.531,0.494,0.376,0.264,4.3,7.6,10.8,1.6,1.1,11.2,19.4,104,113.0,0.5,0.0,0.6,0.045,0.0,0.0388349514563106,3,1.0901299757560684e-08,0.0086023127856105,0.8087065286818457,7.672608257766267e-05,0.1826144215486662,0,-0.6808203756883351,-0.8117966024166277,21.827703158166766,15.343383802171465,27.49900366254893,SG,-0.843716724674157,40.74074074074074,25.20325203252033
Veronica Burton,GSV,G,44,1292.0,19.3,0.561,0.466,0.46,0.491,4.6,8.7,37.6,2.1,2.2,16.7,20.3,117,102.0,4.2,2.2,6.4,0.198,0.0681114551083591,0.1300309597523219,2,1.0937903934791676e-51,0.9999999542602735,7.0657004612577e-221,4.573972609864604e-08,3.8120166770092175e-30,0,1.2743431011839137,0.712654564617529,77.62677643010284,73.69841155472568,82.05127515922048,PG,0.8736222054876264,90.0,82.92682926829269
Maya Caldwell,ATL,G,41,760.0,12.7,0.542,0.526,0.564,0.103,5.2,9.9,15.2,2.6,0.8,16.4,14.7,107,100.0,0.8,1.5,2.4,0.125,0.0789473684210526,0.0421052631578947,1,0.9953740184454676,6.147988255245428e-05,4.819646666221633e-12,0.0045645012995793,3.6758111279305435e-10,0,0.2485734842093091,0.3740935974511161,65.23452102536613,58.85789997866249,69.4915644408303,SG,0.34399513140189586,77.77777777777777,59.34959349593496
Jordin Canada,ATL,G,28,783.0,16.5,0.498,0.441,0.315,0.352,1.2,6.9,33.2,3.2,1.0,16.4,22.1,104,99.0,0.9,1.7,2.6,0.135,0.0868454661558109,0.0459770114942528,2,2.1834699669651634e-11,0.9999998768408536,1.7788120790303746e-304,1.2313492596730045e-07,2.386105267163428e-12,0,0.570735711917543,0.1376954562157397,56.5817038742565,49.845281132693806,63.76324335318188,PG,0.4075434394754631,70.0,62.60162601626017
Kamilla Cardoso,CHI,C,40,1102.0,19.8,0.565,0.53,0.005,0.315,12.7,18.2,17.8,0.7,4.0,16.8,23.5,107,110.0,1.9,0.6,2.5,0.091,0.0217785843920145,0.0689655172413793,4,1.507814877580423e-24,1.69954861020904e-26,1.822334389187296e-21,1.0,1.5891222764952015e-34,0,0.1902709837672067,0.2412143828889094,60.370779116139225,57.02551691288807,69.21957211425911,C,0.4768701201481575,45.83333333333333,65.04065040650407
Bridget Carleton,MIN,F,44,1227.0,10.0,0.538,0.526,0.665,0.098,3.9,7.7,10.1,1.6,0.9,11.1,11.2,112,104.0,1.6,1.8,3.4,0.11,0.058679706601467,0.052159739201304,3,0.0006777895061083,0.0001429506360193,0.9975091001350574,0.0004396144060883,0.0012305453167265,0,-0.0575356123860135,-0.2668069238280801,41.7758127897624,33.916985844007804,47.14316466274589,SF,-0.22731321329585932,52.63157894736842,39.837398373983746
Tina Charles,CON,C,43,1222.0,17.7,0.515,0.449,0.078,0.331,5.8,12.1,12.7,1.4,1.5,10.8,28.3,102,112.0,1.1,0.3,1.5,0.048,0.0098199672667757,0.0360065466448445,5,6.975472862186545e-14,5.762040581115766e-10,1.4311335435295424e-30,0.0006719821841688,0.999328017239558,0,-0.360356176741726,-0.4680263631321244,34.41063213966113,29.209419052440584,41.15786932441561,C,-0.6990057825834923,16.666666666666664,29.268292682926834
Kaitlyn Chen,GSV,G,24,247.0,4.6,0.452,0.43,0.3,0.14,2.4,5.2,16.6,1.1,0.0,25.3,13.4,85,108.0,-0.3,0.2,-0.1,-0.015,0.0323886639676113,-0.048582995951417,5,4.3801185585918936e-10,0.0006021442376878,1.3998388697778112e-35,4.075395199237866e-07,0.9993974477847803,0,-1.5825515104282264,-1.3411679484996897,2.451267122095062,0.0,7.328806601171791,SG,-1.51425477516244,7.4074074074074066,4.878048780487805
Sonia Citron,WAS,G,44,1415.0,16.4,0.609,0.556,0.384,0.314,2.5,7.6,13.6,2.0,1.2,14.4,20.5,110,106.0,2.7,1.5,4.2,0.119,0.0424028268551236,0.0763250883392226,1,0.9858608706929508,0.0129265841034339,2.9433818718942056e-07,0.0010534092303762,0.0001588416350519,0,0.3205926248017878,0.3987500565747082,66.13701472212419,58.08746777046814,70.87934122652982,SG,0.5904246513021112,92.59259259259258,72.35772357723577
Caitlin Clark,IND,G,13,404.0,16.5,0.491,0.441,0.531,0.255,0.3,9.8,47.2,2.7,1.6,23.2,31.5,94,102.0,-0.3,0.7,0.5,0.045,0.0693069306930693,-0.0297029702970297,2,5.891211966214972e-49,0.9999989418673876,0.0,1.0581326112998e-06,7.507485027320683e-27,1,-0.3274199680629226,0.284041311757256,61.93836159671555,55.588565002432,75.19265962091531,PG,0.9107830618567221,93.33333333333333,83.739837398374
Natasha Cloud,NYL,G,41,1191.0,14.2,0.546,0.507,0.441,0.198,1.5,7.4,28.9,2.1,1.1,16.9,17.7,108,104.0,1.8,1.7,3.5,0.117,0.0570948782535684,0.0604534005037783,2,1.1769752787775343e-20,0.9999909923099156,4.44741914714612e-107,9.00768927489016e-06,8.094534028271473e-13,0,0.2246516170247577,0.1939506656928196,58.640798073808085,54.67816986767168,63.3419138158876,PG,0.18978309739769783,50.0,50.40650406504066
Nia Coffey,ATL,F,44,455.0,14.1,0.503,0.456,0.558,0.34,6.9,14.8,16.1,1.2,3.4,15.1,20.1,103,99.0,0.4,1.0,1.4,0.121,0.0879120879120879,0.0351648351648351,1,0.847743582006908,7.143041937315009e-16,2.9551904371795413e-43,0.152256417993091,7.386397768043734e-21,0,0.3376588240297702,0.4664940494034956,68.61662974773449,62.5291525281383,77.02732581426056,PF,0.3899571023300784,31.57894736842105,60.97560975609757
Napheesa Collier,MIN,F,33,1065.0,30.2,0.636,0.579,0.239,0.33,7.1,13.5,18.2,2.7,4.3,10.6,28.6,123,96.0,5.5,2.7,8.3,0.31,0.1014084507042253,0.2065727699530516,4,1.5628434909860501e-09,1.7378970452227277e-07,5.640808898280409e-85,0.999999824647452,2.3759301212854377e-19,0,2.9638454847220803,1.9292658293018212,100.0,100.0,100.0,PF,2.6860123644011744,100.0,100.0
Sydney Colson,IND,G,30,404.0,5.8,0.449,0.428,0.618,0.092,2.1,3.8,20.7,1.9,1.4,30.7,12.7,86,107.0,-0.4,0.4,0.0,-0.004,0.0396039603960396,-0.0396039603960396,5,8.11156323595015e-11,0.0027735858084005,2.318289864981501e-77,5.7554620228625055e-09,0.9972264083550216,0,-1.3724878464435388,-1.2588677060659332,5.463680610415329,0.0,11.621813028362013,PG,-1.705001785968902,6.666666666666667,3.2520325203252036
Zia Cooke,SEA,G,26,261.0,5.6,0.478,0.446,0.452,0.274,2.7,3.2,8.1,2.0,0.3,18.9,20.4,83,107.0,-0.5,0.3,-0.3,-0.043,0.0459770114942528,-0.0766283524904214,2,1.6617041120113746e-28,0.9999988732244984,7.26060821726023e-35,1.1267754917619649e-06,9.448519274885938e-15,0,-1.6888024245429678,-1.0244078376773165,14.0455516853658,8.199456636869957,20.78776533015341,SG,-0.9857576691718406,29.629629629629626,21.138211382113823
Kahleah Copper,PHO,G-F,28,752.0,14.4,0.548,0.503,0.418,0.244,1.6,6.2,10.6,2.0,0.6,13.4,27.6,98,105.0,0.2,1.0,1.2,0.064,0.0531914893617021,0.0106382978723404,2,3.323265398155954e-15,0.999790267730812,4.49287381768758e-56,0.000209732102393,1.6679142723022357e-10,0,-0.2723721955052638,0.245233001628341,60.51787152968618,54.07145502352771,67.2133143403928,SG,0.44770879401402686,88.88888888888889,64.22764227642277
Sophie Cunningham,IND,G,30,756.0,12.8,0.655,0.614,0.674,0.274,2.4,8.4,7.1,2.0,0.4,14.8,13.6,118,105.0,1.5,1.0,2.5,0.13,0.0529100529100529,0.0793650793650793,1,0.9999361335245606,4.163218062055973e-08,1.4129193355216305e-35,6.37964554620031e-05,2.8387796795752997e-08,1,0.2709354568171882,0.6426967949999464,75.06613113214476,65.30395527995584,81.00425528799113,SG,0.6686791195642072,96.29629629629629,75.60975609756099
Damiris Dantas,IND,C-F,38,439.0,8.4,0.453,0.417,0.525,0.155,7.6,12.6,8.9,0.7,0.6,13.0,22.7,92,107.0,-0.3,0.4,0.1,0.01,0.0364464692482915,-0.0273348519362186,5,1.4327674356463621e-18,1.0531355159348489e-15,7.235629368611314e-22,0.0507996625264541,0.9492003374735452,0,-1.1370661449182928,-0.984158164436596,15.51879957608038,10.81647759860681,23.00448131011323,C,-1.0019300953288115,8.333333333333332,19.51219512195122
Skylar Diggins,SEA,G,43,1343.0,18.8,0.536,0.481,0.315,0.351,2.3,4.8,31.8,2.0,2.3,12.8,24.3,108,105.0,2.9,1.8,4.6,0.138,0.0536113179448994,0.086373790022338,2,1.27619762791988e-12,0.9999900246268204,1.9401452351778338e-241,6.949945289756967e-06,3.025426613800812e-06,0,0.6630759429161848,0.1691953851938758,57.73468724500714,53.51629846866014,62.87052698680608,PG,0.5111905108054364,80.0,69.10569105691057
Stefanie Dolson,WAS,C,43,653.0,8.5,0.534,0.518,0.528,0.141,3.0,9.1,14.9,1.0,2.1,16.1,12.7,102,107.0,0.3,0.6,1.0,0.059,0.0367534456355283,0.0183767228177641,3,1.4949507446252483e-05,3.82816442480533e-05,0.994314673991508,0.0056311466534698,9.48203327735718e-07,0,-0.6891481043111038,-0.3014246795454569,40.50870845112889,33.48611795860826,47.19404506934434,C,-0.39794037176452857,25.0,36.585365853658544
Emily Engstler,WAS,F,40,512.0,14.7,0.487,0.455,0.47,0.269,8.9,15.6,19.1,2.8,5.1,20.2,16.9,96,99.0,0.0,1.1,1.1,0.082,0.0859375,0.0,1,0.994853408786204,1.816733581011386e-20,2.1836048272528152e-36,0.0051465912137966,1.7639142363363893e-35,0,0.010343784571459,0.2718368410081478,61.49164465864558,55.85951011445671,71.19924451017351,PF,0.06402006265025642,10.526315789473683,47.154471544715456
Dana Evans,LVA,G,44,777.0,10.8,0.488,0.456,0.367,0.193,1.2,3.5,20.5,1.1,0.6,11.0,19.7,101,110.0,0.4,0.4,0.8,0.043,0.0205920205920205,0.0205920205920205,2,3.232905127890028e-05,0.9922468824020042,9.539999906471931e-81,1.3257399194448229e-06,0.0077194628067973,0,-0.7445434943076625,-1.1307793071728074,10.152065590976903,6.387486803702839,16.441393391607363,PG,-1.0827533788194392,20.0,13.008130081300814
Temi Fagbenle,GSV,C,39,925.0,12.9,0.544,0.526,0.249,0.145,9.0,12.0,12.5,2.0,2.6,18.0,16.3,103,101.0,0.7,1.7,2.4,0.103,0.0735135135135135,0.0302702702702702,1,0.9251434324218066,8.211735168040813e-09,1.8639741350230025e-08,0.0748565407199639,6.752809516462678e-12,0,0.0653875172827221,0.3317133077230485,63.683286756299296,58.25920661641173,68.53964765639141,C,0.3149488354649688,41.666666666666664,57.72357723577236
Leonie Fiebich,NYL,F,37,1041.0,12.1,0.646,0.604,0.543,0.281,2.7,7.3,9.7,1.7,1.2,15.3,13.0,115,106.0,1.8,1.3,3.0,0.117,0.0499519692603266,0.0691642651296829,1,0.9997058883048294,3.576162390022674e-06,3.225719146250145e-18,0.0002898805834718,6.549493086639113e-07,0,0.1047555552681291,0.5363438065501079,71.17332149446554,61.8694943563313,76.95955028297293,SF,0.48251845495915496,73.68421052631578,67.47967479674799
Rebekah Gardner,NYL,G,41,502.0,12.5,0.624,0.591,0.382,0.245,6.6,8.5,7.9,2.6,1.3,15.9,13.4,114,104.0,0.8,0.7,1.6,0.125,0.0557768924302788,0.0637450199203187,1,0.999489206610472,2.204611106836668e-06,1.7476759968539198e-20,0.0005077970528841,7.91725536970087e-07,0,0.1751512667365642,0.4482599125410877,67.94921057364873,59.74353414643384,72.8338310598523,SG,0.43784588516384726,85.18518518518519,63.41463414634148
Luisa Geiselsoder,DAL,C,28,628.0,12.0,0.522,0.511,0.525,0.061,4.2,12.2,11.1,1.8,2.9,13.2,14.7,102,110.0,0.4,0.4,0.8,0.048,0.0254777070063694,0.0254777070063694,4,5.324496607090528e-06,6.266149927556813e-12,2.7971286760177832e-05,0.9999666928787634,1.1331603179297029e-08,0,-0.5981846658571249,-0.4601008980691143,34.700725791283595,29.390608410959672,41.37173483140432,C,-0.5856218618585188,20.833333333333332,30.89430894308943
Allisha Gray,ATL,G,42,1451.0,19.7,0.598,0.54,0.467,0.419,3.0,9.1,17.5,1.6,0.9,10.3,22.8,119,102.0,5.2,2.5,7.7,0.212,0.0689179875947622,0.1433494141971054,1,0.8250113561245815,0.0636537200565844,4.020299396647812e-38,0.1113341910956629,7.32723171279668e-07,0,1.428713472602283,0.9224946606019796,85.30749664235225,78.48651311832464,88.76942655605372,SG,1.1879599732535013,100.0,86.9918699186992
Chelsea Gray,LVA,G,44,1368.0,15.4,0.572,0.521,0.444,0.27,2.1,7.4,28.3,2.3,1.8,22.5,18.5,106,105.0,1.7,1.8,3.5,0.104,0.0526315789473684,0.0497076023391812,2,1.2627060569652225e-22,0.9999428691307244,6.776987623435588e-87,5.713086825273931e-05,1.0226835634898822e-12,0,0.1447945816396368,0.4765727688784384,68.98553838753287,64.40792456745326,73.8378347708803,PG,0.4787032905442916,73.33333333333333,65.85365853658537
Brittney Griner,ATL,C,39,810.0,16.1,0.564,0.527,0.063,0.282,5.4,14.8,7.3,0.3,5.0,14.8,22.6,102,100.0,0.7,1.7,2.4,0.117,0.0839506172839506,0.0345679012345679,4,5.4651286684049376e-11,4.972660951311139e-14,1.2716143245854482e-34,0.999999999298436,6.46863127991791e-10,0,0.3938219797854375,0.8587757687018872,82.97521129610728,76.8337414799323,87.34326171420894,C,0.6372258349804667,62.5,74.79674796747969
Megan Gustafson,LVA,C,20,226.0,5.6,0.472,0.465,0.684,0.263,4.1,9.3,3.4,0.7,2.3,8.6,14.1,96,107.0,0.0,0.2,0.2,0.032,0.0353982300884955,0.0,5,2.7087746459822505e-22,4.256744065841549e-09,1.6845521568641617e-06,0.0030028802913375,0.9969954308997616,0,-1.0601674843364144,-1.1472575335340534,9.548917533494976,3.1887464917432204,14.385746982104852,C,-1.3883608642923109,0.0,6.504065040650407
Dearica Hamby,LAS,F,44,1374.0,23.8,0.605,0.586,0.095,0.417,10.0,15.2,20.0,2.5,1.4,14.9,25.6,114,108.0,4.4,1.2,5.6,0.162,0.0349344978165938,0.1280931586608442,4,3.589841171166512e-19,1.499017720823058e-11,4.7919600017172805e-28,0.9999999999850102,1.0527850148807279e-21,0,1.102260696220744,0.7495252833561038,78.97634536413783,73.95948523891215,86.62180368757105,PF,0.8679253455991977,57.89473684210527,82.11382113821139
Isabelle Harrison,NYL,F,34,360.0,17.2,0.546,0.5,0.112,0.321,9.9,14.3,11.9,2.9,0.5,13.1,22.6,106,101.0,0.5,0.7,1.2,0.135,0.0777777777777777,0.0555555555555555,4,0.0001207320268666,1.5625050151990489e-12,8.098070888732143e-32,0.9998792679620732,9.497830660270776e-12,0,0.588895088667023,0.6981446729584745,77.09567479473422,70.47913380275065,82.21810448240669,PF,0.7317336151309574,47.368421052631575,77.23577235772359
Bria Hartley,CON,G,38,867.0,10.5,0.505,0.454,0.502,0.314,1.5,5.2,23.8,1.7,0.0,17.1,21.1,97,115.0,0.0,-0.1,-0.2,-0.007,-0.0046136101499423,0.0,5,3.210925912906952e-15,0.4119630477642351,1.5674895306281496e-69,3.376328743729812e-06,0.5880335759070179,0,-1.2650994862080402,-1.0505144223857283,13.089979434495502,9.931227299763126,18.28140050941148,PG,-1.1074452520302032,13.333333333333334,10.569105691056912
Tiffany Hayes,GSV,G,26,700.0,14.1,0.557,0.504,0.426,0.338,3.1,8.4,21.2,1.1,0.6,15.3,21.4,107,105.0,1.1,0.9,1.9,0.111,0.0514285714285714,0.0628571428571428,2,0.0066663636063202,0.972901236354654,1.4383789551949275e-53,0.0203955284117523,3.6871627273613504e-05,0,0.1640730623846555,0.3089560739220428,62.85030988974647,59.12382872445478,67.44323749252484,PG,0.2814847841242283,66.66666666666666,56.09756097560976
Lexi Held,PHO,G,32,471.0,9.8,0.489,0.463,0.555,0.134,2.6,4.1,12.2,2.5,1.0,13.9,19.3,94,105.0,-0.2,0.6,0.4,0.034,0.0509554140127388,-0.0169851380042462,2,7.82437964187731e-13,0.9999814904676066,2.1082138380579157e-43,1.5455018826821243e-05,3.054512784112609e-06,0,-0.8002041434755175,-0.7915401634656279,22.569144107996816,17.135115393058804,28.54058773513356,SG,-0.7319387895488889,44.44444444444444,26.82926829268293
Natisha Hiedeman,MIN,G,44,833.0,17.9,0.593,0.567,0.404,0.218,1.6,5.9,23.8,2.0,1.0,13.8,21.5,114,103.0,2.2,1.3,3.5,0.169,0.0624249699879951,0.1056422569027611,2,5.717078399701163e-05,0.9952170622934968,2.771575507960068e-80,0.0047233179557515,2.448966754381297e-06,0,0.9106171138092072,0.8707526813669696,83.41359898724644,77.94402743825043,86.97990685191424,PG,0.9806009415903061,96.66666666666667,84.5528455284553
Naz Hillmon,ATL,F,44,1122.0,15.8,0.583,0.552,0.55,0.197,7.4,14.3,15.0,1.0,1.4,13.3,15.4,118,102.0,2.7,2.0,4.8,0.17,0.071301247771836,0.0962566844919786,4,0.0031207456038465,3.4582616121141202e-12,1.2456759854462346e-08,0.9968792419359354,1.153760079331726e-28,0,0.8221388237594074,0.7658635618868329,79.57437094907482,73.57153086003292,85.17719268721635,PF,0.7443678797173355,52.63157894736842,78.86178861788619
Myisha Hines-Allen,DAL,F,40,882.0,13.8,0.529,0.482,0.241,0.333,7.2,15.6,21.0,1.8,1.9,23.4,18.4,98,109.0,0.1,0.6,0.8,0.034,0.0272108843537414,0.0045351473922902,4,2.5393721961382673e-22,3.10783501110404e-19,4.59956211472098e-10,0.9999999995400436,2.5762703187178265e-33,0,-0.6564501615061288,-0.0731255393586644,48.86508005992665,43.97546330561426,57.72242962387201,PF,-0.5163489461770854,5.263157894736842,34.959349593495936
Natasha Howard,IND,F,44,1060.0,19.3,0.595,0.561,0.091,0.365,9.7,16.6,10.5,2.5,2.1,16.8,21.4,109,100.0,2.1,2.1,4.2,0.157,0.0792452830188679,0.0792452830188679,4,0.0001378535532053,2.6692560699883373e-18,1.4171348202589473e-33,0.9998621464467948,2.36624323818778e-24,0,0.9250643279326844,1.0838834920027174,91.21476833680867,85.74085839873216,95.9023658966784,PF,1.253671802972118,68.42105263157893,91.0569105691057
Rhyne Howard,ATL,G,33,1151.0,18.2,0.524,0.477,0.635,0.236,3.3,7.6,22.6,2.3,2.0,9.1,24.2,111,100.0,2.8,2.3,5.1,0.177,0.0799304952215464,0.0973066898349261,1,0.5824884700834245,0.4159138334442401,1.6008740806228029e-149,0.0015873808975686,1.0315574766933694e-05,0,1.048694349080687,0.4609973978530424,68.41543729943143,63.01654623395352,75.27618215280167,PG,0.5070229129498971,76.66666666666666,68.29268292682927
Lexie Hull,IND,G,44,1189.0,10.5,0.503,0.487,0.502,0.12,6.2,9.7,9.7,2.2,0.5,11.5,13.4,107,105.0,1.1,1.6,2.7,0.091,0.0538267451640033,0.0370058873002523,3,1.5718238400124824e-05,1.7845285878177237e-07,0.9916644698121916,0.0071630292760539,0.0011566042204953,0,-0.2251220203165405,-0.5139483983533799,32.72976031935057,27.07161375213333,38.22122251394775,SG,-0.5724197890653961,51.85185185185185,31.70731707317074
Sabrina Ionescu,NYL,G,38,1194.0,20.4,0.537,0.472,0.473,0.284,3.1,9.0,33.0,2.1,1.2,13.4,28.9,107,104.0,2.6,1.7,4.3,0.145,0.0569514237855946,0.0871021775544388,2,1.1825030470202566e-15,0.9977363886285664,1.4972573046830816e-266,0.0022636113236638,4.7769324458731676e-11,0,0.8057977687838302,0.4712523699638439,68.79079726673399,64.60799605020088,76.2904405113351,PG,0.8283997950173905,86.66666666666667,81.30081300813009
Kiki Iriafen,WAS,F,44,1185.0,17.3,0.548,0.49,0.024,0.387,11.8,19.5,11.4,1.1,0.6,15.3,24.5,104,105.0,1.5,1.5,3.0,0.102,0.050632911392405,0.050632911392405,4,1.039745080257304e-11,4.898742550231038e-33,4.969625489561431e-40,0.9999999999896024,2.5838266559277267e-29,0,0.2266600167549675,0.4712561859710932,68.79093694301403,64.01132717344873,76.22722404359713,PF,0.29394427321816974,26.31578947368421,56.91056910569107
Rickea Jackson,LAS,F,38,1173.0,12.3,0.53,0.492,0.387,0.203,4.0,6.2,9.3,1.0,1.1,12.9,23.0,100,115.0,0.5,-0.2,0.3,0.009,-0.0068201193520886,0.0170502983802216,2,1.0764155691135475e-11,0.9955017410984394,0.0044958784558719,8.910782378897902e-07,1.4893566870203296e-06,0,-1.0317861646628663,-0.912472510062906,18.14269017188494,13.896177393738611,24.24802085883222,SF,-1.0742721312937153,26.31578947368421,14.634146341463417
Aziaha James,DAL,G,38,673.0,12.5,0.462,0.43,0.394,0.194,5.9,9.5,14.7,1.8,1.0,11.0,22.4,97,113.0,0.0,0.1,0.1,0.003,0.0059435364041604,0.0,5,2.2184511523505468e-12,1.1113646560324347e-08,3.4001029180057925e-25,0.000145303489623,0.9998546853945122,0,-1.0380915353997435,-1.322214521443049,3.1450142803889705,0.0,9.383833979279473,SG,-0.9960404783840213,25.925925925925924,20.325203252032523
Marine Johannes,NYL,G,44,803.0,10.6,0.54,0.526,0.75,0.075,2.0,6.1,14.2,1.6,1.4,16.6,18.0,96,106.0,-0.1,0.9,0.8,0.04,0.0448318804483188,-0.0049813200498132,2,0.0962472454976858,0.8355097389569539,1.713430487059697e-15,0.0007233052737743,0.0675197102715842,0,-0.7170366748234055,-0.2059544098521673,44.00318088101422,40.40333085022278,47.56164968345564,SG,-0.24756261817848965,66.66666666666666,39.02439024390244
Brionna Jones,ATL,F,44,1169.0,22.6,0.581,0.541,0.108,0.309,14.0,16.1,14.6,2.2,2.6,11.7,21.6,119,99.0,4.2,2.6,6.8,0.234,0.0889649272882805,0.1437125748502994,4,0.0025114942977378,1.1408495594337036e-15,4.356585078309912e-32,0.997488505702261,4.096227536792851e-28,0,1.8267203048373293,1.1748737999072532,94.54526193843644,88.4555924189725,99.63028221838955,PF,1.374865854945111,78.94736842105263,93.4959349593496
Jonquel Jones,NYL,C,31,830.0,20.3,0.611,0.577,0.408,0.297,6.7,17.5,18.3,0.9,3.6,15.8,22.9,111,100.0,1.9,1.6,3.6,0.172,0.0771084337349397,0.0915662650602409,4,2.122067145499005e-12,6.148509727946081e-18,3.457575008752586e-34,0.9999999999978784,4.717921678772644e-42,0,1.0879961906146534,1.3489259649523926,100.0,96.08921110776367,100.0,C,1.5837964046673567,95.83333333333333,96.74796747967481
Leïla Lacan,CON,G,25,665.0,15.9,0.548,0.511,0.307,0.193,2.9,5.3,26.0,4.3,0.6,16.6,19.4,104,109.0,0.7,0.5,1.2,0.07,0.0300751879699248,0.0421052631578947,2,1.496860656947793e-14,0.9994175723712588,2.806407270520791e-83,1.1631459528731508e-05,0.0005707961691976,0,-0.1797131793918633,-0.1698579572452519,45.32440956148995,41.42436292866428,49.52444429914653,PG,-0.12141119238722889,40.0,42.27642276422765
Kitija Laksa,PHO,G,33,626.0,7.4,0.505,0.472,0.667,0.178,2.0,3.7,5.3,1.0,0.9,8.9,15.3,99,109.0,0.2,0.5,0.6,0.04,0.0319488817891373,0.0127795527156549,3,3.3507533341295445e-21,0.1938630436633002,0.8061360392588123,9.141163086536552e-07,2.961578883016059e-09,0,-0.891618220540569,-1.023012131606902,14.096638336728118,7.594495921155556,17.16046423218782,SG,-1.2640451734400708,11.11111111111111,8.130081300813009
Carla Leite,GSV,G,37,637.0,11.5,0.505,0.417,0.338,0.446,1.7,4.4,22.4,2.2,0.5,17.7,23.6,97,105.0,0.0,0.8,0.8,0.051,0.0502354788069073,0.0,2,0.2900374536597888,0.7098320981710269,1.6080782199939997e-146,1.4258758058816589e-05,0.0001161894111255,0,-0.557145007423728,-0.3243244773308208,39.67051335366047,35.344621504143674,45.69910998768189,PG,-0.16783475726972347,33.33333333333333,40.650406504065046
Jewell Loyd,LVA,G,44,1245.0,13.4,0.536,0.506,0.614,0.166,4.6,6.7,10.7,2.2,0.8,10.4,18.7,106,107.0,1.6,1.2,2.8,0.091,0.0385542168674698,0.0514056224899598,2,0.000175184215889,0.8531534211269709,1.0735214912595923e-05,0.0020253430334663,0.1446353164087611,0,-0.1124736304813131,-0.3132499251322673,40.075872188986885,36.30493242885401,43.65508082187124,SG,-0.36141306269190887,62.962962962962955,37.398373983739845
Marina Mabrey,CON,G,35,1103.0,11.1,0.477,0.434,0.5,0.189,1.8,7.9,24.3,1.1,0.9,15.6,25.8,92,114.0,-1.1,-0.1,-1.1,-0.041,-0.0036264732547597,-0.0398912058023572,5,6.014607420861785e-14,0.0003001365232791,3.949258042092763e-103,2.3229305828993763e-05,0.999676634170832,0,-1.5736739476449375,-1.097831296294473,11.358052711404971,6.191469847386552,21.03800691651752,PG,-1.173365974908311,10.0,9.75609756097561
Natasha Mack,PHO,F-C,34,623.0,19.5,0.569,0.573,0.032,0.29,14.1,18.1,7.7,2.5,7.9,9.7,11.2,125,96.0,1.6,1.7,3.2,0.207,0.1091492776886035,0.102728731942215,1,0.9973459218166072,2.5600543551963024e-30,3.8166930090261066e-40,0.0026540781833931,9.215291717853542e-53,0,1.4906795844282952,0.9920913322706852,87.85492476986667,79.6695869777002,93.04352007074432,C,1.1890350682254751,79.16666666666666,87.8048780487805
Ezi Magbegor,SEA,F-C,44,1203.0,16.1,0.547,0.517,0.168,0.29,8.2,13.6,11.6,1.3,7.2,11.8,13.9,113,100.0,2.1,2.4,4.5,0.151,0.0798004987531172,0.0698254364089775,1,0.9750442682499314,4.4771839489325514e-14,5.343148274908773e-08,0.0249556783185412,1.1004525529827812e-21,0,0.6863518308769148,0.3967518009807429,66.06387311371135,60.63060432304948,71.17997877557463,C,0.48078491703458753,50.0,66.66666666666667
Dominique Malonga,SEA,C,42,600.0,20.0,0.566,0.559,0.068,0.194,10.5,19.5,11.3,1.5,4.2,14.4,25.5,102,99.0,0.6,1.3,1.9,0.126,0.0866666666666666,0.04,4,6.477456385993537e-10,3.971110350919404e-29,1.1993099118576683e-55,0.9999999993522548,7.282436140645264e-32,0,0.6861099645523606,1.1377218226215076,93.18539817395929,88.16301911903162,98.96113992101454,C,1.2080642278622005,83.33333333333333,88.6178861788618
Kate Martin,GSV,G,42,687.0,9.4,0.459,0.43,0.692,0.154,3.5,9.5,10.9,1.3,0.6,10.7,21.6,93,104.0,-0.4,1.0,0.6,0.032,0.0582241630276564,-0.0232896652110625,5,2.8661115898045933e-16,9.390689825091236e-07,7.430000435927381e-43,0.0040644803139879,0.9959345806170296,0,-0.8074767434014191,-0.661767209436549,27.31918840405128,21.021263771396196,32.31041199391893,SG,-0.4125919149195487,59.25925925925925,35.772357723577244
Kayla McBride,MIN,G,39,1220.0,16.0,0.584,0.536,0.61,0.245,1.0,4.3,17.1,2.1,0.2,12.4,20.4,113,104.0,2.9,1.7,4.6,0.152,0.0557377049180327,0.0950819672131147,1,0.9950677341202372,0.0048965562733364,5.0089333264245066e-39,3.462222733779003e-05,1.0873790888402911e-06,0,0.634343536814059,0.4326618068036477,67.37827733303853,58.60504992783937,71.11628814913567,SG,0.38446589578367496,81.48148148148148,60.16260162601627
Teaira McCowan,DAL,C,17,219.0,20.3,0.596,0.545,0.03,0.433,15.1,20.4,7.8,1.2,5.2,16.7,19.0,113,108.0,0.5,0.2,0.7,0.127,0.0365296803652968,0.091324200913242,4,2.4463615450140655e-14,4.764740165804564e-38,4.399256203456731e-86,0.999999999999976,1.628187494441074e-43,0,0.5933999318553479,0.4666963083847449,68.62403297845691,64.08246176962157,76.13846273073196,C,0.6226554925699084,58.33333333333333,73.98373983739837
Aari McDonald,IND,G,20,525.0,14.0,0.555,0.506,0.506,0.331,2.0,5.4,27.3,2.4,0.5,20.7,19.0,106,106.0,0.7,0.6,1.4,0.104,0.0457142857142857,0.0533333333333333,2,4.596410916922248e-15,0.9999842770003484,1.91825791190806e-102,1.0462932754284712e-05,5.260066892926506e-06,0,0.0373497756676127,0.1273532353952097,56.2031503660572,51.79340295722833,60.22807883956455,PG,0.19924731837644882,53.333333333333336,51.21951219512195
Emma Meesseman,NYL,F,17,440.0,22.8,0.65,0.616,0.132,0.233,6.2,11.5,23.0,2.5,2.7,17.0,22.2,115,102.0,1.3,0.8,2.1,0.192,0.0727272727272727,0.1181818181818181,4,1.2096530080714708e-16,0.0024752432435691,2.701031795285341e-36,0.9975247567564304,1.092703650131338e-22,0,1.4080197027458543,1.5146366833919918,100.0,99.64335797002111,100.0,SF,1.5417527397650619,100.0,95.93495934959351
Jade Melbourne,WAS,G,43,1008.0,7.4,0.496,0.458,0.422,0.324,2.1,4.9,20.2,1.3,0.8,21.9,15.1,93,109.0,-0.5,0.7,0.2,0.007,0.0277777777777777,-0.0198412698412698,5,4.2430206199451976e-08,0.2066253614996628,3.090000760914208e-44,4.166217741580291e-06,0.7933704298523895,0,-1.2290764613375462,-0.8588625176629077,20.10496220704316,15.494728315296216,23.71916746052219,SG,-1.0225390424548035,22.22222222222222,18.699186991869922
Kelsey Mitchell,IND,G,44,1381.0,19.9,0.574,0.536,0.408,0.275,1.6,3.4,19.6,1.4,0.5,9.1,27.7,114,109.0,4.5,1.0,5.6,0.161,0.0289645184648805,0.1303403330919623,1,0.9984276900434732,0.0015717553047674,2.3403352158857684e-92,5.54651545710847e-07,2.1352282321171266e-13,0,0.8584531352414099,0.1356346113151069,56.50627132639979,46.42697028773606,64.27479257770484,SG,0.33904679950607153,74.07407407407408,58.53658536585367
Aneesah Morrow,CON,F,41,775.0,15.0,0.461,0.405,0.251,0.318,12.4,21.7,5.0,2.1,2.3,11.7,22.6,95,106.0,-0.2,0.9,0.7,0.034,0.0464516129032258,-0.0103225806451612,4,1.339429535817926e-23,1.3642045328579272e-58,3.399446905376869e-50,1.0,1.2767433313186698e-29,1,-0.5247251977749917,-0.3403092234532414,39.08542801973434,34.431205130404855,49.23766294696832,PF,-1.0322611325518962,0.0,17.886178861788622
Olivia Nelson-Ododa,CON,C,37,800.0,17.2,0.578,0.528,0.009,0.516,8.6,13.7,7.8,1.8,5.2,13.2,17.3,111,109.0,1.5,0.6,2.1,0.104,0.03,0.075,4,6.577106970034911e-05,3.9103443831672906e-13,1.25061631751964e-32,0.9999342284581496,4.717594909160463e-10,0,0.2000744776724967,0.0633337886057784,53.8598638905828,48.80540420293683,59.28707772162102,C,-0.0884740142244238,33.33333333333333,43.90243902439025
Kia Nurse,CHI,G,44,962.0,7.1,0.496,0.459,0.625,0.213,2.2,6.3,9.6,0.8,0.2,14.7,17.4,95,117.0,-0.2,-0.4,-0.6,-0.025,-0.0166320166320166,-0.0083160083160083,3,3.2199954018075943e-16,0.0005473192710839,0.9985941286924798,6.260389441042192e-07,0.0008579259974917,0,-1.653455026899711,-1.4435155040208705,0.0,0.0,5.850277934592929,SG,-1.6337032898977657,3.7037037037037033,4.065040650406504
Aaliyah Nye,LVA,G-F,44,671.0,5.7,0.473,0.453,0.69,0.099,2.6,5.7,5.5,1.0,1.2,13.1,14.0,91,109.0,-0.4,0.4,0.0,0.002,0.0238450074515648,-0.0238450074515648,3,3.5273240932650453e-22,0.0006998668769523,0.9987686575957748,4.187761458827548e-06,0.0005272877658144,0,-1.390140074612295,-1.4199556163791276,0.0,0.0,3.958563033167509,SF,-1.3708277818020485,10.526315789473683,7.3170731707317085
Arike Ogunbowale,DAL,G,29,966.0,13.3,0.494,0.423,0.391,0.287,1.1,4.3,20.7,2.0,0.7,11.6,23.2,102,114.0,0.8,0.0,0.8,0.032,0.0,0.0331262939958592,2,3.390622983591547e-07,0.9990817954121952,3.3578000228634843e-76,1.107634950948852e-06,0.0009167578905554,0,-0.7486138786351463,-1.2092348430938245,7.280378854062388,2.8039783995846785,14.558226941365008,PG,-1.1059586743602607,16.666666666666664,11.382113821138212
Nneka Ogwumike,SEA,F,44,1359.0,21.8,0.6,0.572,0.292,0.191,5.1,13.7,13.5,1.9,1.2,11.3,25.4,110,102.0,3.3,2.4,5.7,0.168,0.0706401766004415,0.097130242825607,4,0.000142295373393,1.4264415830756797e-08,4.781782593103526e-36,0.9998576903311596,3.1031667178601634e-11,0,1.130649627816723,1.0801724213641433,91.07893302311872,85.67693870118407,95.7926257573693,PF,1.3918625439899772,84.21052631578947,94.30894308943091
Lucy Olsen,WAS,G,41,508.0,10.4,0.496,0.475,0.44,0.107,2.7,5.8,17.0,1.5,0.9,11.2,17.0,100,108.0,0.2,0.4,0.6,0.046,0.0314960629921259,0.0157480314960629,5,9.432285849454292e-05,0.1733938949878879,2.587511755112025e-31,4.745623636919307e-05,0.8264643259172484,0,-0.6960380870473762,-0.771319203002114,23.309286448356385,18.45917147681489,26.69587799243943,SG,-0.859951082912121,37.03703703703704,24.39024390243903
Michaela Onyenwere,CHI,F,42,711.0,7.8,0.525,0.479,0.322,0.242,2.8,5.7,11.7,1.2,0.5,19.3,18.3,94,116.0,-0.3,-0.2,-0.5,-0.026,-0.0112517580872011,-0.0168776371308016,3,8.928814467332163e-11,0.0459001640689779,0.9526844332177932,1.0707331580350549e-06,0.0014143318907825,0,-1.624279770611084,-1.0456944237602646,13.266404539011074,6.072512116211031,20.416865794364888,SF,-1.2597161949125126,15.789473684210526,8.943089430894311
Te-Hina PaoPao,ATL,G,43,720.0,13.1,0.559,0.557,0.606,0.06,1.7,5.7,23.7,1.5,1.1,16.4,17.1,108,104.0,1.0,1.1,2.1,0.115,0.0611111111111111,0.0555555555555555,2,2.067626141554504e-07,0.999924451263901,1.289261600333979e-68,6.780562378168621e-05,7.536349702890043e-06,0,0.1631119045150383,0.3017605597065867,62.58693443133896,57.482359891928766,66.64018633495597,PG,0.2765371335494097,63.33333333333333,55.28455284552846
Haley Peters,CON,F-G,33,380.0,5.0,0.388,0.354,0.476,0.159,7.5,11.6,10.6,1.5,0.8,20.1,13.1,83,113.0,-0.6,0.1,-0.5,-0.054,0.0105263157894736,-0.0631578947368421,3,9.53949124930169e-24,1.4045085805420537e-27,0.9999931087633256,6.877293660992378e-06,1.3943013818584975e-08,0,-1.9639705315831768,-2.0023957923548714,0.0,0.0,0.0,SF,-1.7531941811038252,0.0,2.4390243902439024
Kelsey Plum,LAS,G,43,1508.0,18.1,0.578,0.502,0.451,0.395,0.8,5.2,27.9,1.8,0.2,15.3,25.4,111,114.0,4.1,0.0,4.2,0.11,0.0,0.1087533156498673,2,4.81402971392655e-23,0.998579940217244,1.5170258258568614e-94,1.6594688937303948e-05,0.001403465093819,0,0.2209313732433274,-0.0093639177720089,51.19892942931844,46.03861839661715,56.66566407116047,PG,0.21078119757050234,56.666666666666664,52.845528455284565
JJ Quinerly,DAL,G,34,539.0,13.2,0.529,0.481,0.287,0.239,3.7,6.7,24.0,2.7,1.2,20.0,20.9,99,111.0,0.2,0.2,0.4,0.027,0.0148423005565862,0.0148423005565862,2,8.390705109303427e-13,0.963536447510338,1.3676100122133151e-62,0.0001511382869535,0.0363124142018694,0,-0.757324708213701,-0.5440931237445096,31.62638109852942,28.54931772703661,36.61658771236927,PG,-0.5505155297733356,30.0,33.333333333333336
Angel Reese,CHI,F,30,947.0,19.9,0.537,0.464,0.066,0.515,15.4,23.4,21.5,2.4,2.0,22.4,25.0,101,105.0,0.7,1.2,1.9,0.079,0.0506863780359028,0.0295670538542766,4,4.319374708930024e-30,8.438681190267883e-51,9.703376375656036e-45,1.0,9.163884089371072e-81,1,0.1599047343259881,0.6385727200863529,74.91517873481067,71.08625953101914,84.39067823456148,PF,0.3904303806468381,36.84210526315789,61.78861788617886
Saniya Rivers,CON,G,42,1097.0,13.6,0.495,0.468,0.361,0.169,3.0,6.4,18.4,2.9,3.4,14.2,18.1,98,110.0,0.1,0.6,0.7,0.026,0.0218778486782133,0.0036463081130355,5,4.065332322072662e-06,0.0616141132679793,9.732970873340463e-35,6.384144999957107e-05,0.9383179799496988,0,-0.7451482219067398,-0.8364297979259662,20.926060973181837,15.663123953207858,25.266250060344188,SG,-0.8678028948371369,33.33333333333333,23.577235772357728
Iliana Rupert,GSV,C,21,486.0,15.9,0.609,0.588,0.68,0.105,5.2,9.7,13.0,1.4,2.6,11.1,17.3,117,103.0,1.2,0.8,1.9,0.159,0.0658436213991769,0.0987654320987654,1,0.9860629761243505,0.0001034977283794,1.094332564423812e-06,0.0138324243847292,7.429976513392482e-09,0,0.753418430638277,0.7292305435344759,78.2335024979114,71.5826273084294,82.33457884449807,C,0.6053687177535596,54.166666666666664,73.17073170731709
Nyara Sabally,NYL,C,17,305.0,13.5,0.529,0.493,0.092,0.329,10.9,14.6,6.9,1.5,5.1,15.5,15.6,104,101.0,0.3,0.6,0.8,0.109,0.0786885245901639,0.0393442622950819,4,5.216067577676491e-05,1.6543252958728397e-17,1.5848060524906622e-17,0.9999478393242162,7.428114966304589e-15,0,0.207998652798504,0.3491981523243124,64.32327978864578,57.171896391293885,70.2040724065616,C,0.1993078009269571,37.5,52.03252032520326
Satou Sabally,PHO,F,39,1039.0,19.5,0.533,0.469,0.406,0.359,5.8,12.7,17.4,2.4,1.2,11.4,29.2,105,101.0,1.8,2.0,3.8,0.147,0.0769971126082772,0.0692974013474494,4,9.31327775709876e-06,4.612390550206456e-07,5.804636814290231e-110,0.999988640263975,1.5852192128873734e-06,0,0.8256392545812927,0.7958266705574827,80.6711025022549,73.686110747788,87.98349582498511,SF,0.8225627156141928,84.21052631578947,80.48780487804879
Janelle Salaün,GSV,F,36,973.0,12.0,0.523,0.493,0.475,0.171,3.9,11.0,8.7,1.2,0.3,12.0,21.2,99,104.0,0.3,1.4,1.8,0.073,0.0575539568345323,0.0123329907502569,5,4.978283994856996e-09,5.525561397365695e-06,6.848803078227243e-16,0.466796205260921,0.533198264199397,0,-0.3201622476674273,-0.0234781832400479,50.68230879229084,46.18766460085631,53.78137314678584,SF,0.035638058962062194,57.89473684210527,46.34146341463415
Karlie Samuelson,MIN,G,16,228.0,6.8,0.55,0.476,0.81,0.333,1.6,5.2,10.1,1.4,0.4,18.6,11.9,105,105.0,0.2,0.3,0.5,0.079,0.0526315789473684,0.0350877192982456,3,5.039806241588023e-05,0.0041647406264846,0.9843839778276308,2.2385502900747623e-05,0.0113784979805679,0,-0.489718128281719,-0.279777035267593,41.30107131282381,32.506163224307336,46.30710024021054,SG,-0.5584603005296784,55.55555555555556,32.520325203252035
Jessica Shepard,MIN,F,40,835.0,21.1,0.634,0.638,0.005,0.498,13.4,20.9,19.4,1.2,0.4,18.7,17.1,122,99.0,2.9,1.8,4.6,0.223,0.0862275449101796,0.1389221556886227,4,2.343608791032673e-27,1.1484983014949921e-29,2.7127853794272745e-30,1.0,4.459661531060081e-93,1,1.6561783723918078,1.6027844082256046,100.0,100.0,100.0,PF,1.8202826563788352,89.4736842105263,97.56097560975611
Maddy Siegrist,DAL,F,26,702.0,17.4,0.56,0.539,0.301,0.216,8.2,9.1,5.3,1.4,2.0,4.5,19.1,117,114.0,1.8,0.0,1.8,0.105,0.0,0.1025641025641025,5,1.0081766397413911e-09,0.0011613982639369,3.006243421727899e-20,0.0007962855382578,0.9980423151896284,0,0.1311044364641373,-0.4917476897969736,33.54236684307273,24.49967551610156,41.0753487966553,SF,-0.7172644093879316,42.10526315789473,28.455284552845534
Alanna Smith,MIN,F,42,1114.0,18.1,0.563,0.565,0.488,0.197,7.1,11.4,16.5,2.6,6.6,15.3,17.5,110,96.0,1.9,2.9,4.8,0.172,0.104129263913824,0.0682226211849192,1,0.936510941101656,3.790650920756717e-05,2.13222408593344e-32,0.0634511523891361,2.836228867407301e-16,0,1.054710357053286,1.103626483193806,91.93741569731549,85.97907760201583,96.15025985937744,SF,1.0901054362999607,89.4736842105263,85.3658536585366
Azura Stevens,LAS,F-C,44,1249.0,20.2,0.596,0.564,0.454,0.234,7.2,16.9,12.6,2.2,3.5,12.0,19.2,115,106.0,3.2,1.5,4.7,0.151,0.0480384307445956,0.1024819855884707,4,3.132607127612862e-09,8.036637355809762e-21,1.107522426474996e-28,0.999999996867393,4.452695362388373e-31,0,0.832495626241607,0.6379690961438624,74.89308445109461,70.28492614614072,81.0956127037742,C,0.7474825704474901,75.0,79.67479674796749
Breanna Stewart,NYL,F,31,948.0,23.7,0.57,0.487,0.213,0.495,4.0,12.4,21.0,2.3,4.0,10.8,27.2,113,100.0,2.9,2.0,4.9,0.205,0.0843881856540084,0.1223628691983122,4,0.0013773501673878,6.641519079193979e-05,2.4376115959924263e-104,0.9985562346415716,2.483283955218204e-13,0,1.6192716834224985,1.1820811740688972,94.80907150324278,88.13041711610768,100.0,SF,1.2162591293682694,94.73684210526315,89.4308943089431
Kiah Stokes,LVA,C,40,514.0,7.2,0.404,0.382,0.451,0.157,6.6,16.4,4.7,1.7,2.4,22.7,6.3,92,102.0,-0.1,0.9,0.8,0.061,0.0700389105058365,-0.0077821011673151,4,5.915971976546528e-12,2.599854087705114e-42,2.2962432743297094e-10,0.9999999997644586,5.4763270587961636e-30,1,-0.6338301046431343,-0.9245518332408454,17.700553976474662,11.37270584465662,27.293148934720623,C,-0.9704283777485805,12.5,21.951219512195124
Sug Sutton,WAS,G,43,1122.0,9.8,0.523,0.496,0.422,0.17,0.9,4.2,25.0,1.5,0.3,21.5,15.9,96,109.0,-0.1,0.7,0.7,0.023,0.0249554367201426,-0.0035650623885918,2,1.5155665402014028e-15,0.9274494813983408,3.187051161876042e-72,1.6457679122591546e-06,0.0725488728337452,0,-0.972672035955812,-0.670013475770003,27.017352550394197,23.00773824711832,30.78940073691337,PG,-0.7258519337765421,26.666666666666668,27.64227642276423
Alyssa Thomas,PHO,F,39,1221.0,25.2,0.568,0.532,0.013,0.373,5.9,16.1,53.6,2.6,1.3,20.4,24.4,114,98.0,4.1,2.8,6.9,0.225,0.0917280917280917,0.1343161343161343,2,9.054226667335419e-159,0.9999999951322708,0.0,4.867731049766501e-09,4.775747784733497e-123,1,1.89900634118778,1.5607173101374303,100.0,100.0,100.0,PF,2.179032284420787,94.73684210526315,99.1869918699187
Kayla Thornton,GSV,F,22,662.0,15.1,0.493,0.435,0.514,0.297,7.2,13.6,9.8,2.3,0.8,10.3,24.5,101,100.0,0.4,1.3,1.7,0.105,0.0785498489425982,0.0241691842900302,4,5.56348127485349e-16,4.887347914910433e-13,1.9456868625630176e-50,0.9993230137091528,0.0006769862903585,0,0.196510616180571,0.3078030313732672,62.80810538555762,55.280193628441886,69.15151259290242,PF,0.17469871238798926,21.052631578947366,49.59349593495935
Makayla Timpson,IND,F-C,31,219.0,17.8,0.595,0.561,0.0,0.474,9.8,15.8,0.7,3.0,3.3,10.4,15.7,116,99.0,0.5,0.5,1.0,0.175,0.091324200913242,0.091324200913242,4,8.644069623132062e-11,1.0189705951727248e-19,6.768849440579843e-74,0.999999999913559,2.2766869033303084e-16,0,1.074174719678583,0.9530975862326408,86.42764724246828,78.43989868781912,92.009121427898,C,0.7265731710097072,66.66666666666666,76.42276422764228
Brianna Turner,IND,F-C,27,233.0,7.5,0.422,0.406,0.031,0.25,9.2,13.0,10.0,0.4,3.1,20.2,8.6,101,106.0,0.1,0.3,0.3,0.056,0.0515021459227467,0.0171673819742489,3,5.307540698167028e-13,1.1307777425214712e-28,0.9999979003740064,2.0996254630982164e-06,2.5976279472371535e-20,0,-0.6496222638175001,-1.3319452934437137,2.788841467773432,0.0,11.683346174321908,C,-1.0718778592041234,4.166666666666666,15.447154471544716
Maria Kliundikova,MIN,F,34,373.0,19.6,0.539,0.531,0.195,0.164,14.1,16.3,8.1,3.5,6.4,14.4,19.7,106,94.0,0.5,1.1,1.6,0.175,0.1179624664879356,0.0536193029490616,4,8.443455060032137e-12,1.615919643042011e-19,5.086735532527643e-38,0.999999999991557,2.388084595574026e-21,0,1.1753598687631956,1.128213116954906,92.83735359523774,84.5728011049298,99.89564790633156,PF,1.245327144692042,63.1578947368421,90.24390243902441
Hailey Van Lith,CHI,G,29,361.0,5.6,0.416,0.362,0.284,0.284,1.3,5.0,20.8,1.7,1.0,22.7,19.7,80,114.0,-0.9,0.0,-0.9,-0.102,0.0,-0.0997229916897506,5,2.732082073129585e-13,0.0001598030785227,6.531229348875036e-94,3.145195215472011e-07,0.9998398824016832,0,-2.400474223128985,-2.0300139176952454,0.0,0.0,0.0,PG,-2.283460842601019,0.0,0.0
Shatori Walker-Kimbrough,ATL,G,41,354.0,7.8,0.523,0.5,0.492,0.175,1.0,6.2,9.2,1.5,2.7,18.1,10.8,97,102.0,0.0,0.6,0.6,0.072,0.0677966101694915,0.0,3,1.9184648678823202e-08,0.0009056031049414,0.9645463938281158,3.845899502464602e-05,0.0345095248872695,0,-0.53296198134587,-0.3623210477640628,38.27973517490675,30.27489283099628,43.22124675173002,SG,-0.6048175116051101,48.148148148148145,30.081300813008134
Kathryn Westbeld,PHO,F,43,792.0,10.5,0.482,0.456,0.609,0.149,4.3,7.9,7.6,2.3,2.9,9.5,14.4,100,103.0,0.3,1.3,1.6,0.08,0.0656565656565656,0.0151515151515151,5,7.641409321535706e-16,9.389222055127574e-05,5.122150693847259e-05,0.0012338956857873,0.9986209905867224,0,-0.2946942327315197,-0.5450084962063668,31.592875968175093,24.04514638779816,36.95535346890488,SF,-0.526199596423534,47.368421052631575,34.146341463414636
Maddy Westbeld,CHI,F,26,354.0,10.4,0.478,0.443,0.41,0.152,7.1,10.3,10.9,1.9,1.9,12.5,16.3,100,112.0,0.1,0.1,0.2,0.028,0.0112994350282485,0.0112994350282485,3,4.1534172086499455e-12,1.8037313729756808e-11,0.9930870875692944,0.0010688002655895,0.0058441121429254,0,-0.9462420445606816,-1.1184683912756717,10.60267871197662,6.02698492438827,17.773205483710885,SF,-1.063975252815986,31.57894736842105,16.260162601626018
Erica Wheeler,SEA,G,44,1126.0,13.2,0.515,0.49,0.486,0.119,1.8,6.4,20.5,2.5,0.7,13.3,20.7,99,104.0,0.4,1.7,2.1,0.074,0.0603907637655417,0.0142095914742451,2,0.3201084298546501,0.6752209826352837,4.612498234989543e-89,0.000183601308714,0.004486986201352,0,-0.221457555752316,-0.1252019421304896,46.958941590658895,43.26142444758853,51.46357361590796,PG,-0.13697708589135824,36.666666666666664,41.463414634146346
Sami Whitcomb,PHO,G,43,1027.0,11.4,0.544,0.513,0.71,0.161,1.8,6.3,17.0,1.6,0.6,15.7,18.6,102,106.0,0.7,1.2,1.9,0.074,0.0467380720545277,0.0272638753651411,2,0.2985648931427765,0.6815209618506882,2.373306881695444e-28,0.0005366580743143,0.0193774869322207,0,-0.3521138739130542,-0.1063872939821321,47.64760906215184,44.93111061482231,50.30366031171113,SG,-0.07606756148368402,70.37037037037037,44.71544715447155
Courtney Williams,MIN,G,44,1260.0,17.9,0.496,0.478,0.257,0.091,2.2,10.2,35.6,2.3,1.0,14.3,25.7,104,100.0,1.8,2.6,4.4,0.138,0.0825396825396825,0.0571428571428571,2,1.6280882253202143e-14,0.9995703110229722,0.0,0.0004296889770116,1.4478671105894222e-19,1,0.6825053929005509,0.2619551213315256,61.12994674912099,55.24783402819563,71.51595110750169,PG,0.5519191212435961,83.33333333333334,69.91869918699187
Elizabeth Williams,CHI,C-F,43,906.0,17.2,0.502,0.48,0.0,0.248,10.4,14.5,16.3,1.8,4.0,13.4,20.8,102,109.0,0.7,0.6,1.3,0.059,0.0264900662251655,0.0309050772626931,4,3.121628072238676e-09,1.1106167773908977e-17,1.1616405632569896e-12,0.9999999968771576,5.2817657027126587e-14,0,-0.2416765345676414,-0.3264132792851149,39.594057501338895,35.04174662993072,48.80636321219038,C,-0.3077683411039608,29.166666666666664,38.21138211382114
Gabby Williams,SEA,F,44,1391.0,15.6,0.508,0.475,0.35,0.16,2.0,8.2,21.1,3.6,1.4,14.3,19.3,100,100.0,0.5,2.8,3.4,0.097,0.0805176132278936,0.0143781452192667,1,0.90256183163977,0.0967452151857158,3.140690037311504e-94,0.0006865481243778,6.405050136244975e-06,0,0.1538702257653871,0.2941220986507639,62.30734590967584,56.20884769982365,69.76861129141277,SF,0.2541592098332005,68.42105263157893,53.65853658536586
A'ja Wilson,LVA,C,40,1247.0,33.4,0.596,0.524,0.09,0.441,8.5,19.1,20.6,2.7,6.4,10.0,31.9,119,96.0,6.2,3.3,9.5,0.304,0.1058540497193263,0.1988773055332798,4,1.1423967314631997e-15,5.046361435744255e-21,3.6733770932804523e-134,0.9999999999999992,3.531453813487285e-40,0,3.101830844116993,1.919959105881416,100.0,100.0,100.0,C,2.1340508017076933,100.0,98.37398373983741
Jackie Young,LVA,G,44,1336.0,22.3,0.596,0.548,0.408,0.26,4.5,8.6,30.9,2.2,1.2,13.9,24.2,117,106.0,4.9,1.6,6.6,0.197,0.0479041916167664,0.1467065868263473,2,2.564186896341654e-29,0.9988028089421982,3.941781885441652e-126,0.0011971910577956,6.37531592304015e-15,0,1.3626776207574138,0.9270783668670164,85.475272801583,81.35271635385777,89.87277723407091,PG,1.0933739003378213,100.0,86.1788617886179
Cecilia Zandalasini,GSV,F,19,450.0,15.6,0.606,0.57,0.607,0.213,1.3,7.3,13.9,2.1,0.9,13.2,19.6,111,103.0,0.8,0.7,1.6,0.139,0.0622222222222222,0.0711111111111111,1,0.995996767346674,0.0030595843226829,2.1184894709450418e-12,0.00093616855408,7.479774444777743e-06,0,0.4840628730858767,0.6859301057665166,76.64858829930058,69.08869494035335,79.9780149139787,SF,0.5630703542567584,78.94736842105263,70.73170731707317
Alysha Clark,WAS,F,15,343.0,7.6,0.455,0.435,0.594,0.188,2.5,9.5,10.7,1.1,0.6,6.3,10.7,102,108.0,0.1,0.3,0.4,0.05,0.0349854227405247,0.0116618075801749,3,4.403425085787123e-12,3.0810540965182713e-13,0.9999767840241744,1.774622987804487e-05,5.469741236226559e-06,0,-0.8222606762816879,-1.2433880894256704,6.030276826686359,0.6272977576788552,13.57380721418687,SF,-1.0794389837050307,21.052631578947366,13.821138211382115
