off_action,reg_action,win_mean,cf_mean,debt_mean,base_win,base_cf,base_debt,improved_all,score,site
"(5, 3, 2, 1, 0, 0)","(3, 3, 2, 2, 0, 0)",0.30944563191351937,11.069743172251574,4.112027995194051,0.3178072325644628,9.93507849511844,41.95411804814745,0,4.0827136173341305,Columbus
"(3, 3, 2, 1, 1, 1)","(3, 3, 4, 1, 1, 1)",0.31790317449155003,11.17230969864299,10.154874618687401,0.3178072325644628,9.93507849511844,41.95411804814745,1,4.42674973917928,Columbus
"(6, 2, 2, 1, 0, 1)","(3, 2, 4, 1, 0, 1)",0.31743539575031965,11.623852365540696,4.112027995194051,0.3178072325644628,9.93507849511844,41.95411804814745,0,5.43579919430328,Columbus
"(4, 3, 2, 1, 1, 1)","(3, 3, 3, 2, 1, 1)",0.29948475546255093,10.643932582576493,10.152560582347487,0.3178072325644628,9.93507849511844,41.95411804814745,0,2.0567621238468634,Columbus
"(4, 2, 2, 1, 0, 1)","(3, 2, 2, 1, 0, 1)",0.311675198235538,11.582140210184214,4.112027995194051,0.3178072325644628,9.93507849511844,41.95411804814745,0,4.818067287468636,Columbus
"(6, 3, 2, 1, 1, 1)","(3, 3, 2, 2, 1, 1)",0.27574901397324264,10.472495643573032,10.165957759251443,0.3178072325644628,9.93507849511844,41.95411804814745,0,-0.489588681777823,Columbus
"(3, 3, 2, 1, 0, 0)","(3, 3, 3, 2, 0, 0)",0.31790317449155003,11.26701525600141,4.112027995194051,0.3178072325644628,9.93507849511844,41.95411804814745,1,5.125739958887032,Columbus
"(3, 1, 2, 1, 0, 1)","(3, 1, 3, 1, 0, 1)",0.313813036752139,11.865286245284278,4.112027995194051,0.3178072325644628,9.93507849511844,41.95411804814745,0,5.3149971742287985,Columbus
"(3, 3, 2, 1, 0, 0)","(3, 3, 4, 2, 0, 0)",0.31790317449155003,11.26701525600141,4.112027995194051,0.3178072325644628,9.93507849511844,41.95411804814745,1,5.125739958887032,Columbus
"(6, 2, 2, 1, 0, 1)","(3, 2, 3, 2, 0, 1)",0.31743539575031965,11.365216112286706,4.112027995194051,0.3178072325644628,9.93507849511844,41.95411804814745,0,5.177162941049291,Columbus
"(3, 2, 2, 1, 1, 1)","(3, 2, 2, 1, 1, 1)",0.3178072325644628,11.379462008581246,10.154927121993033,0.3178072325644628,9.93507849511844,41.95411804814745,0,4.624302606078249,Columbus
"(5, 2, 2, 1, 1, 0)","(3, 2, 4, 2, 1, 0)",0.3182084535912618,11.001734610243563,10.145753177791299,0.3178072325644628,9.93507849511844,41.95411804814745,1,4.287614704840641,Columbus
"(3, 3, 2, 1, 0, 0)","(3, 3, 4, 1, 0, 0)",0.31790317449155003,11.525699529577828,4.112027995194051,0.3178072325644628,9.93507849511844,41.95411804814745,1,5.384424232463451,Columbus
"(5, 2, 2, 1, 0, 0)","(3, 2, 2, 1, 0, 0)",0.3182084535912618,11.6225259728159,4.112027995194051,0.3178072325644628,9.93507849511844,41.95411804814745,1,5.511778585672702,Columbus
"(3, 1, 2, 1, 0, 1)","(3, 1, 2, 2, 0, 1)",0.313813036752139,11.606867985582195,4.112027995194051,0.3178072325644628,9.93507849511844,41.95411804814745,0,5.056578914526716,Columbus
"(4, 3, 2, 1, 1, 0)","(3, 3, 4, 2, 1, 0)",0.29948475546255093,10.634292469108958,10.152560582347487,0.3178072325644628,9.93507849511844,41.95411804814745,0,2.0471220103793284,Columbus
"(5, 2, 2, 1, 0, 0)","(3, 2, 3, 1, 0, 0)",0.3182084535912618,11.6225259728159,4.112027995194051,0.3178072325644628,9.93507849511844,41.95411804814745,1,5.511778585672702,Columbus
"(4, 2, 2, 1, 1, 1)","(3, 2, 3, 1, 1, 1)",0.311675198235538,11.219302522163584,10.159322795537918,0.3178072325644628,9.93507849511844,41.95411804814745,0,3.8505001194136197,Columbus
"(3, 1, 2, 1, 1, 0)","(3, 1, 3, 2, 1, 0)",0.313813036752139,11.237303496587941,10.143922721837662,0.3178072325644628,9.93507849511844,41.95411804814745,0,4.083824952868101,Columbus
"(5, 3, 2, 1, 0, 1)","(3, 3, 2, 2, 0, 1)",0.30944563191351937,11.079383285719107,4.112027995194051,0.3178072325644628,9.93507849511844,41.95411804814745,0,4.092353730801664,Columbus
"(6, 1, 2, 1, 1, 0)","(3, 1, 3, 2, 1, 0)",0.3003191924550187,11.063208184736048,10.152518402928461,0.3178072325644628,9.93507849511844,41.95411804814745,0,2.5594856431950976,Columbus
"(6, 2, 2, 1, 1, 1)","(3, 2, 4, 2, 1, 1)",0.31743539575031965,11.003303227582036,10.143909406938555,0.3178072325644628,9.93507849511844,41.95411804814745,0,4.21206191517017,Columbus
"(5, 2, 2, 1, 1, 0)","(3, 2, 4, 1, 1, 0)",0.3182084535912618,11.259711220044627,10.158940541381934,0.3178072325644628,9.93507849511844,41.95411804814745,1,4.544272578282641,Columbus
"(5, 1, 2, 1, 0, 0)","(3, 1, 4, 1, 0, 0)",0.3016598457615817,11.693812122638233,4.112027995194051,0.3178072325644628,9.93507849511844,41.95411804814745,0,3.9282039525270256,Columbus
"(5, 3, 2, 1, 1, 0)","(3, 3, 3, 2, 1, 0)",0.30944563191351937,10.707502538764814,10.149371886640063,0.3178072325644628,9.93507849511844,41.95411804814745,0,3.1167385947027704,Columbus
"(3, 3, 2, 1, 0, 0)","(3, 3, 2, 1, 0, 0)",0.31790317449155003,11.525699529577828,4.112027995194051,0.3178072325644628,9.93507849511844,41.95411804814745,1,5.384424232463451,Columbus
"(5, 2, 2, 1, 1, 0)","(3, 2, 3, 1, 1, 0)",0.3182084535912618,11.259711220044627,10.158940541381934,0.3178072325644628,9.93507849511844,41.95411804814745,1,4.544272578282641,Columbus
"(6, 2, 2, 1, 0, 0)","(3, 2, 2, 1, 0, 0)",0.31743539575031965,11.615015594862122,4.112027995194051,0.3178072325644628,9.93507849511844,41.95411804814745,0,5.4269624236247065,Columbus
"(6, 1, 2, 1, 1, 0)","(3, 1, 2, 2, 1, 0)",0.3003191924550187,11.063208184736048,10.152518402928461,0.3178072325644628,9.93507849511844,41.95411804814745,0,2.5594856431950976,Columbus
"(5, 1, 2, 1, 1, 0)","(3, 1, 4, 1, 1, 0)",0.3016598457615817,11.330505204259318,10.167143301509315,0.3178072325644628,9.93507849511844,41.95411804814745,0,2.9593855035165837,Columbus
"(6, 2, 2, 1, 1, 0)","(3, 2, 3, 1, 1, 0)",0.31743539575031965,11.252311316941539,10.157099293870438,0.3178072325644628,9.93507849511844,41.95411804814745,0,4.459751015836485,Columbus
"(4, 2, 2, 1, 1, 1)","(3, 2, 4, 1, 1, 1)",0.311675198235538,11.219302522163584,10.159322795537918,0.3178072325644628,9.93507849511844,41.95411804814745,0,3.8505001194136197,Columbus
"(5, 3, 2, 1, 0, 1)","(3, 3, 3, 2, 0, 1)",0.30944563191351937,11.079383285719107,4.112027995194051,0.3178072325644628,9.93507849511844,41.95411804814745,0,4.092353730801664,Columbus
"(6, 3, 2, 1, 1, 0)","(3, 3, 4, 1, 1, 0)",0.27574901397324264,10.718005393186168,10.179117443093467,0.3178072325644628,9.93507849511844,41.95411804814745,0,-0.2453949005488898,Columbus
"(5, 3, 2, 1, 1, 1)","(3, 3, 4, 2, 1, 1)",0.30944563191351937,10.717142652232347,10.149371886640063,0.3178072325644628,9.93507849511844,41.95411804814745,0,3.1263787081703036,Columbus
"(6, 3, 2, 1, 0, 0)","(3, 3, 4, 2, 0, 0)",0.27574901397324264,10.82609131594894,4.112027995194051,0.3178072325644628,9.93507849511844,41.95411804814745,0,0.4693999670038238,Columbus
"(3, 2, 2, 1, 0, 0)","(3, 2, 2, 1, 0, 0)",0.3178072325644628,11.733620070253986,4.112027995194051,0.3178072325644628,9.93507849511844,41.95411804814745,0,5.582750580430886,Columbus
"(5, 2, 2, 1, 0, 1)","(3, 2, 3, 2, 0, 1)",0.3182084535912618,11.37259489187797,4.112027995194051,0.3178072325644628,9.93507849511844,41.95411804814745,1,5.261847504734772,Columbus
"(3, 3, 2, 1, 0, 1)","(3, 3, 2, 1, 0, 1)",0.31790317449155003,11.534880496052592,4.112027995194051,0.3178072325644628,9.93507849511844,41.95411804814745,1,5.393605198938215,Columbus
"(6, 1, 2, 1, 0, 1)","(3, 1, 3, 1, 0, 1)",0.3003191924550187,11.691202719868834,4.112027995194051,0.3178072325644628,9.93507849511844,41.95411804814745,0,3.7915292191013235,Columbus
"(5, 1, 2, 1, 0, 1)","(3, 1, 2, 2, 0, 1)",0.3016598457615817,11.444197550237401,4.112027995194051,0.3178072325644628,9.93507849511844,41.95411804814745,0,3.6785893801261937,Columbus
"(5, 2, 2, 1, 1, 0)","(3, 2, 4, 1, 1, 0)",0.3182084535912618,11.259711220044627,10.158940541381934,0.3178072325644628,9.93507849511844,41.95411804814745,1,4.544272578282641,Columbus
"(3, 2, 2, 1, 1, 1)","(3, 2, 4, 2, 1, 1)",0.3178072325644628,11.121575515979936,10.141734258757555,0.3178072325644628,9.93507849511844,41.95411804814745,0,4.367735399800486,Columbus
"(4, 3, 2, 1, 1, 1)","(3, 3, 2, 2, 1, 1)",0.29948475546255093,10.643932582576493,10.152560582347487,0.3178072325644628,9.93507849511844,41.95411804814745,0,2.0567621238468634,Columbus
"(4, 1, 2, 1, 1, 0)","(3, 1, 3, 2, 1, 0)",0.307343653361594,11.113409323319672,10.146543995935936,0.3178072325644628,9.93507849511844,41.95411804814745,0,3.3127303131355066,Columbus
"(4, 1, 2, 1, 1, 1)","(3, 1, 4, 1, 1, 1)",0.307343653361594,11.378620488121975,10.159730277099715,0.3178072325644628,9.93507849511844,41.95411804814745,0,3.576622849821431,Columbus
"(5, 2, 2, 1, 0, 0)","(3, 2, 3, 2, 0, 0)",0.3182084535912618,11.363758121199396,4.112027995194051,0.3178072325644628,9.93507849511844,41.95411804814745,1,5.253010734056198,Columbus
"(4, 2, 2, 1, 0, 1)","(3, 2, 3, 2, 0, 1)",0.311675198235538,11.323864632640976,4.112027995194051,0.3178072325644628,9.93507849511844,41.95411804814745,0,4.559791709925398,Columbus
"(3, 1, 2, 1, 0, 0)","(3, 1, 2, 1, 0, 0)",0.313813036752139,11.857635439888641,4.112027995194051,0.3178072325644628,9.93507849511844,41.95411804814745,0,5.307346368833162,Columbus
"(3, 1, 2, 1, 0, 1)","(3, 1, 3, 2, 0, 1)",0.313813036752139,11.606867985582195,4.112027995194051,0.3178072325644628,9.93507849511844,41.95411804814745,0,5.056578914526716,Columbus
"(5, 3, 2, 1, 0, 1)","(3, 3, 3, 1, 0, 1)",0.30944563191351937,11.337564027666657,4.112027995194051,0.3178072325644628,9.93507849511844,41.95411804814745,0,4.350534472749214,Columbus
"(6, 2, 2, 1, 0, 1)","(3, 2, 2, 2, 0, 1)",0.31743539575031965,11.365216112286706,4.112027995194051,0.3178072325644628,9.93507849511844,41.95411804814745,0,5.177162941049291,Columbus
"(5, 1, 2, 1, 1, 1)","(3, 1, 4, 2, 1, 1)",0.3016598457615817,11.081681198870346,10.153967184645001,0.3178072325644628,9.93507849511844,41.95411804814745,0,2.7118791098140433,Columbus
"(5, 2, 2, 1, 1, 1)","(3, 2, 4, 2, 1, 1)",0.3182084535912618,11.010571380922135,10.145753177791299,0.3178072325644628,9.93507849511844,41.95411804814745,1,4.296451475519213,Columbus
"(5, 2, 2, 1, 0, 0)","(3, 2, 4, 1, 0, 0)",0.3182084535912618,11.6225259728159,4.112027995194051,0.3178072325644628,9.93507849511844,41.95411804814745,1,5.511778585672702,Columbus
"(4, 1, 2, 1, 1, 1)","(3, 1, 4, 2, 1, 1)",0.307343653361594,11.121442751209285,10.146543995935936,0.3178072325644628,9.93507849511844,41.95411804814745,0,3.3207637410251194,Columbus
"(4, 3, 2, 1, 1, 0)","(3, 3, 3, 1, 1, 0)",0.29948475546255093,10.89098036614573,10.165738625756903,0.3178072325644628,9.93507849511844,41.95411804814745,0,2.302492103075158,Columbus
"(4, 1, 2, 1, 0, 1)","(3, 1, 3, 1, 0, 1)",0.307343653361594,11.741482625036316,4.112027995194051,0.3178072325644628,9.93507849511844,41.95411804814745,0,4.544255214926338,Columbus
"(4, 1, 2, 1, 1, 1)","(3, 1, 2, 2, 1, 1)",0.307343653361594,11.121442751209285,10.146543995935936,0.3178072325644628,9.93507849511844,41.95411804814745,0,3.3207637410251194,Columbus
"(5, 2, 2, 1, 1, 1)","(3, 2, 2, 1, 1, 1)",0.3182084535912618,11.2685479907232,10.158940541381934,0.3178072325644628,9.93507849511844,41.95411804814745,1,4.553109348961213,Columbus
"(5, 3, 2, 1, 0, 0)","(3, 3, 2, 2, 0, 0)",0.30915430614179507,11.09686619725952,4.112027995194051,0.31751915566641953,9.962909002941036,41.95411804814745,0,4.081681247151377,StLouis
"(3, 3, 2, 1, 1, 1)","(3, 3, 4, 1, 1, 1)",0.31761480350146865,11.20014344840359,10.154874618687401,0.31751915566641953,9.962909002941036,41.95411804814745,1,4.426723571913472,StLouis
"(6, 2, 2, 1, 0, 1)","(3, 2, 4, 1, 0, 1)",0.31715203736856795,11.651733535140416,4.112027995194051,0.31751915566641953,9.962909002941036,41.95411804814745,0,5.4363217077095625,StLouis
"(4, 3, 2, 1, 1, 1)","(3, 3, 3, 2, 1, 1)",0.29925804885446367,10.67085065541147,10.152560582347487,0.31751915566641953,9.962909002941036,41.95411804814745,0,2.061986717854845,StLouis
"(4, 2, 2, 1, 0, 1)","(3, 2, 2, 1, 0, 1)",0.311405216760251,11.609782482292962,4.112027995194051,0.31751915566641953,9.962909002941036,41.95411804814745,0,4.819688594030415,StLouis
"(6, 3, 2, 1, 1, 1)","(3, 3, 2, 2, 1, 1)",0.27560596677794524,10.498712488237443,10.165957759251443,0.31751915566641953,9.962909002941036,41.95411804814745,0,-0.4766993746614201,StLouis
"(3, 3, 2, 1, 0, 0)","(3, 3, 3, 2, 0, 0)",0.31761480350146865,11.294502096843924,4.112027995194051,0.31751915566641953,9.962909002941036,41.95411804814745,1,5.1253668827031404,StLouis
"(3, 1, 2, 1, 0, 1)","(3, 1, 3, 1, 0, 1)",0.31353732478806573,11.892981862201543,4.112027995194051,0.31751915566641953,9.962909002941036,41.95411804814745,0,5.316098776720468,StLouis
"(3, 3, 2, 1, 0, 0)","(3, 3, 4, 2, 0, 0)",0.31761480350146865,11.294502096843924,4.112027995194051,0.31751915566641953,9.962909002941036,41.95411804814745,1,5.1253668827031404,StLouis
"(6, 2, 2, 1, 0, 1)","(3, 2, 3, 2, 0, 1)",0.31715203736856795,11.392750032409548,4.112027995194051,0.31751915566641953,9.962909002941036,41.95411804814745,0,5.177338204978695,StLouis
"(3, 2, 2, 1, 1, 1)","(3, 2, 2, 1, 1, 1)",0.31751915566641953,11.40729251640384,10.154927121993033,0.31751915566641953,9.962909002941036,41.95411804814745,0,4.624302606078247,StLouis
"(5, 2, 2, 1, 1, 0)","(3, 2, 4, 2, 1, 0)",0.31773397810340503,11.028016180393955,10.145753177791299,0.31751915566641953,9.962909002941036,41.95411804814745,1,4.267425908187085,StLouis
"(3, 3, 2, 1, 0, 0)","(3, 3, 4, 1, 0, 0)",0.31761480350146865,11.553533279338428,4.112027995194051,0.31751915566641953,9.962909002941036,41.95411804814745,1,5.384398065197644,StLouis
"(5, 2, 2, 1, 0, 0)","(3, 2, 2, 1, 0, 0)",0.31773397810340503,11.649142308879131,4.112027995194051,0.31751915566641953,9.962909002941036,41.95411804814745,1,5.491924554931987,StLouis
"(3, 1, 2, 1, 0, 1)","(3, 1, 2, 2, 0, 1)",0.31353732478806573,11.634217629986281,4.112027995194051,0.31751915566641953,9.962909002941036,41.95411804814745,0,5.057334544505206,StLouis
"(4, 3, 2, 1, 1, 0)","(3, 3, 4, 2, 1, 0)",0.29925804885446367,10.661210541943937,10.152560582347487,0.31751915566641953,9.962909002941036,41.95411804814745,0,2.0523466043873118,StLouis
"(5, 2, 2, 1, 0, 0)","(3, 2, 3, 1, 0, 0)",0.31773397810340503,11.649142308879131,4.112027995194051,0.31751915566641953,9.962909002941036,41.95411804814745,1,5.491924554931987,StLouis
"(4, 2, 2, 1, 1, 1)","(3, 2, 3, 1, 1, 1)",0.311405216760251,11.24694479427233,10.159322795537918,0.31751915566641953,9.962909002941036,41.95411804814745,0,3.852121425975397,StLouis
"(3, 1, 2, 1, 1, 0)","(3, 1, 3, 2, 1, 0)",0.31353732478806573,11.264653140992028,10.143922721837662,0.31751915566641953,9.962909002941036,41.95411804814745,0,4.084580582846591,StLouis
"(5, 3, 2, 1, 0, 1)","(3, 3, 2, 2, 0, 1)",0.30915430614179507,11.106506310727053,4.112027995194051,0.31751915566641953,9.962909002941036,41.95411804814745,0,4.0913213606189105,StLouis
"(6, 1, 2, 1, 1, 0)","(3, 1, 3, 2, 1, 0)",0.30008902835053824,11.090158005809418,10.152518402928461,0.31751915566641953,9.962909002941036,41.95411804814745,0,2.5643962358021524,StLouis
"(6, 2, 2, 1, 1, 1)","(3, 2, 4, 2, 1, 1)",0.31715203736856795,11.03083714770488,10.143909406938555,0.31751915566641953,9.962909002941036,41.95411804814745,0,4.212237179099576,StLouis
"(5, 2, 2, 1, 1, 0)","(3, 2, 4, 1, 1, 0)",0.31773397810340503,11.286327556107857,10.158940541381934,0.31751915566641953,9.962909002941036,41.95411804814745,1,4.524418547541924,StLouis
"(5, 1, 2, 1, 0, 0)","(3, 1, 4, 1, 0, 0)",0.3014054461514109,11.721093598537383,4.112027995194051,0.31751915566641953,9.962909002941036,41.95411804814745,0,3.931022649390825,StLouis
"(5, 3, 2, 1, 1, 0)","(3, 3, 3, 2, 1, 0)",0.30915430614179507,10.734625563772758,10.149371886640063,0.31751915566641953,9.962909002941036,41.95411804814745,0,3.115706224520015,StLouis
"(3, 3, 2, 1, 0, 0)","(3, 3, 2, 1, 0, 0)",0.31761480350146865,11.553533279338428,4.112027995194051,0.31751915566641953,9.962909002941036,41.95411804814745,1,5.384398065197644,StLouis
"(5, 2, 2, 1, 1, 0)","(3, 2, 3, 1, 1, 0)",0.31773397810340503,11.286327556107857,10.158940541381934,0.31751915566641953,9.962909002941036,41.95411804814745,1,4.524418547541924,StLouis
"(6, 2, 2, 1, 0, 0)","(3, 2, 2, 1, 0, 0)",0.31715203736856795,11.642896764461842,4.112027995194051,0.31751915566641953,9.962909002941036,41.95411804814745,0,5.4274849370309886,StLouis
"(6, 1, 2, 1, 1, 0)","(3, 1, 2, 2, 1, 0)",0.30008902835053824,11.090158005809418,10.152518402928461,0.31751915566641953,9.962909002941036,41.95411804814745,0,2.5643962358021524,StLouis
"(5, 1, 2, 1, 1, 0)","(3, 1, 4, 1, 1, 0)",0.3014054461514109,11.357786680158469,10.167143301509315,0.31751915566641953,9.962909002941036,41.95411804814745,0,2.962204200380385,StLouis
"(6, 2, 2, 1, 1, 0)","(3, 2, 3, 1, 1, 0)",0.31715203736856795,11.280192486541258,10.157099293870438,0.31751915566641953,9.962909002941036,41.95411804814745,0,4.460273529242767,StLouis
"(4, 2, 2, 1, 1, 1)","(3, 2, 4, 1, 1, 1)",0.311405216760251,11.24694479427233,10.159322795537918,0.31751915566641953,9.962909002941036,41.95411804814745,0,3.852121425975397,StLouis
"(5, 3, 2, 1, 0, 1)","(3, 3, 3, 2, 0, 1)",0.30915430614179507,11.106506310727053,4.112027995194051,0.31751915566641953,9.962909002941036,41.95411804814745,0,4.0913213606189105,StLouis
"(6, 3, 2, 1, 1, 0)","(3, 3, 4, 1, 1, 0)",0.27560596677794524,10.744560953417842,10.179117443093467,0.31751915566641953,9.962909002941036,41.95411804814745,0,-0.2321668778652235,StLouis
"(5, 3, 2, 1, 1, 1)","(3, 3, 4, 2, 1, 1)",0.30915430614179507,10.744265677240293,10.149371886640063,0.31751915566641953,9.962909002941036,41.95411804814745,0,3.12534633798755,StLouis
"(6, 3, 2, 1, 0, 0)","(3, 3, 4, 2, 0, 0)",0.27560596677794524,10.852308160613353,4.112027995194051,0.31751915566641953,9.962909002941036,41.95411804814745,0,0.4822892741202285,StLouis
"(3, 2, 2, 1, 0, 0)","(3, 2, 2, 1, 0, 0)",0.31751915566641953,11.76145057807658,4.112027995194051,0.31751915566641953,9.962909002941036,41.95411804814745,0,5.582750580430885,StLouis
"(5, 2, 2, 1, 0, 1)","(3, 2, 3, 2, 0, 1)",0.31773397810340503,11.398876462028365,4.112027995194051,0.31751915566641953,9.962909002941036,41.95411804814745,1,5.2416587080812205,StLouis
"(3, 3, 2, 1, 0, 1)","(3, 3, 2, 1, 0, 1)",0.31761480350146865,11.562714245813192,4.112027995194051,0.31751915566641953,9.962909002941036,41.95411804814745,1,5.393579031672408,StLouis
"(6, 1, 2, 1, 0, 1)","(3, 1, 3, 1, 0, 1)",0.30008902835053824,11.718495867741252,4.112027995194051,0.31751915566641953,9.962909002941036,41.95411804814745,0,3.796783138507428,StLouis
"(5, 1, 2, 1, 0, 1)","(3, 1, 2, 2, 0, 1)",0.3014054461514109,11.471135750220704,4.112027995194051,0.31751915566641953,9.962909002941036,41.95411804814745,0,3.681064801074146,StLouis
"(5, 2, 2, 1, 1, 0)","(3, 2, 4, 1, 1, 0)",0.31773397810340503,11.286327556107857,10.158940541381934,0.31751915566641953,9.962909002941036,41.95411804814745,1,4.524418547541924,StLouis
"(3, 2, 2, 1, 1, 1)","(3, 2, 4, 2, 1, 1)",0.31751915566641953,11.149059136953454,10.141734258757555,0.31751915566641953,9.962909002941036,41.95411804814745,0,4.367388512951408,StLouis
"(4, 3, 2, 1, 1, 1)","(3, 3, 2, 2, 1, 1)",0.29925804885446367,10.67085065541147,10.152560582347487,0.31751915566641953,9.962909002941036,41.95411804814745,0,2.061986717854845,StLouis
"(4, 1, 2, 1, 1, 0)","(3, 1, 3, 2, 1, 0)",0.30710725718568604,11.140629164132005,10.146543995935936,0.31751915566641953,9.962909002941036,41.95411804814745,0,3.317287718338772,StLouis
"(4, 1, 2, 1, 1, 1)","(3, 1, 4, 1, 1, 1)",0.30710725718568604,11.406185478699935,10.159730277099715,0.31751915566641953,9.962909002941036,41.95411804814745,0,3.581525404790325,StLouis
"(5, 2, 2, 1, 0, 0)","(3, 2, 3, 2, 0, 0)",0.31773397810340503,11.390039691349791,4.112027995194051,0.31751915566641953,9.962909002941036,41.95411804814745,1,5.232821937402647,StLouis
"(4, 2, 2, 1, 0, 1)","(3, 2, 3, 2, 0, 1)",0.311405216760251,11.351161282006656,4.112027995194051,0.31751915566641953,9.962909002941036,41.95411804814745,0,4.561067393744109,StLouis
"(3, 1, 2, 1, 0, 0)","(3, 1, 2, 1, 0, 0)",0.31353732478806573,11.885331056805907,4.112027995194051,0.31751915566641953,9.962909002941036,41.95411804814745,0,5.308447971324831,StLouis
"(3, 1, 2, 1, 0, 1)","(3, 1, 3, 2, 0, 1)",0.31353732478806573,11.634217629986281,4.112027995194051,0.31751915566641953,9.962909002941036,41.95411804814745,0,5.057334544505206,StLouis
"(5, 3, 2, 1, 0, 1)","(3, 3, 3, 1, 0, 1)",0.30915430614179507,11.365031571991533,4.112027995194051,0.31751915566641953,9.962909002941036,41.95411804814745,0,4.349846621883391,StLouis
"(6, 2, 2, 1, 0, 1)","(3, 2, 2, 2, 0, 1)",0.31715203736856795,11.392750032409548,4.112027995194051,0.31751915566641953,9.962909002941036,41.95411804814745,0,5.177338204978695,StLouis
"(5, 1, 2, 1, 1, 1)","(3, 1, 4, 2, 1, 1)",0.3014054461514109,11.108619398853646,10.153967184645001,0.31751915566641953,9.962909002941036,41.95411804814745,0,2.7143545307619936,StLouis
"(5, 2, 2, 1, 1, 1)","(3, 2, 4, 2, 1, 1)",0.31773397810340503,11.036852951072529,10.145753177791299,0.31751915566641953,9.962909002941036,41.95411804814745,1,4.276262678865659,StLouis
"(5, 2, 2, 1, 0, 0)","(3, 2, 4, 1, 0, 0)",0.31773397810340503,11.649142308879131,4.112027995194051,0.31751915566641953,9.962909002941036,41.95411804814745,1,5.491924554931987,StLouis
"(4, 1, 2, 1, 1, 1)","(3, 1, 4, 2, 1, 1)",0.30710725718568604,11.148662592021616,10.146543995935936,0.31751915566641953,9.962909002941036,41.95411804814745,0,3.325321146228383,StLouis
"(4, 3, 2, 1, 1, 0)","(3, 3, 3, 1, 1, 0)",0.29925804885446367,10.918241556678346,10.165738625756903,0.31751915566641953,9.962909002941036,41.95411804814745,0,2.308059814780779,StLouis
"(4, 1, 2, 1, 0, 1)","(3, 1, 3, 1, 0, 1)",0.30710725718568604,11.769047615614276,4.112027995194051,0.31751915566641953,9.962909002941036,41.95411804814745,0,4.549157769895232,StLouis
"(4, 1, 2, 1, 1, 1)","(3, 1, 2, 2, 1, 1)",0.30710725718568604,11.148662592021616,10.146543995935936,0.31751915566641953,9.962909002941036,41.95411804814745,0,3.325321146228383,StLouis
"(5, 2, 2, 1, 1, 1)","(3, 2, 2, 1, 1, 1)",0.31773397810340503,11.29516432678643,10.158940541381934,0.31751915566641953,9.962909002941036,41.95411804814745,1,4.5332553182204975,StLouis
"(5, 3, 2, 1, 0, 0)","(3, 3, 2, 2, 0, 0)",0.3090108518463598,11.10435902155648,4.112027995194051,0.31737731886579684,9.970661681330515,41.95411804814745,0,4.081259643577599,Nashville
"(3, 3, 2, 1, 1, 1)","(3, 3, 4, 1, 1, 1)",0.3174728211253115,11.2078970110672,10.154874618687401,0.31737731886579684,9.970661681330515,41.95411804814745,1,4.426709898634155,Nashville
"(6, 2, 2, 1, 0, 1)","(3, 2, 4, 1, 0, 1)",0.3170125233102949,11.659509587879503,4.112027995194051,0.31737731886579684,9.970661681330515,41.95411804814745,0,5.436577356294133,Nashville
"(4, 3, 2, 1, 1, 1)","(3, 3, 3, 2, 1, 1)",0.2991465412317198,10.678334312464507,10.152560582347487,0.31737731886579684,9.970661681330515,41.95411804814745,0,2.064750614306284,Nashville
"(4, 2, 2, 1, 0, 1)","(3, 2, 2, 1, 0, 1)",0.31127232966068297,11.617484825465752,4.112027995194051,0.31737731886579684,9.970661681330515,41.95411804814745,0,4.820533228919189,Nashville
"(6, 3, 2, 1, 1, 1)","(3, 3, 2, 2, 1, 1)",0.27553569290776847,10.506023438911964,10.165957759251443,0.31737731886579684,9.970661681330515,41.95411804814745,0,-0.46998480933178755,Nashville
"(3, 3, 2, 1, 0, 0)","(3, 3, 3, 2, 0, 0)",0.3174728211253115,11.302131462449012,4.112027995194051,0.31737731886579684,9.970661681330515,41.95411804814745,1,5.125229012365302,Nashville
"(3, 1, 2, 1, 0, 1)","(3, 1, 3, 1, 0, 1)",0.31340160673007544,11.90069787252441,4.112027995194051,0.31737731886579684,9.970661681330515,41.95411804814745,0,5.316673982917094,Nashville
"(3, 3, 2, 1, 0, 0)","(3, 3, 4, 2, 0, 0)",0.3174728211253115,11.302131462449012,4.112027995194051,0.31737731886579684,9.970661681330515,41.95411804814745,1,5.125229012365302,Nashville
"(6, 2, 2, 1, 0, 1)","(3, 2, 3, 2, 0, 1)",0.3170125233102949,11.400401710309232,4.112027995194051,0.31737731886579684,9.970661681330515,41.95411804814745,0,5.177469478723862,Nashville
"(3, 2, 2, 1, 1, 1)","(3, 2, 2, 1, 1, 1)",0.31737731886579684,11.415045194793322,10.154927121993033,0.31737731886579684,9.970661681330515,41.95411804814745,0,4.624302606078249,Nashville
"(5, 2, 2, 1, 1, 0)","(3, 2, 4, 2, 1, 0)",0.31750028576941125,11.03501566569582,10.145753177791299,0.31737731886579684,9.970661681330515,41.95411804814745,1,4.25748716176236,Nashville
"(3, 3, 2, 1, 0, 0)","(3, 3, 4, 1, 0, 0)",0.3174728211253115,11.561286842002037,4.112027995194051,0.31737731886579684,9.970661681330515,41.95411804814745,1,5.384384391918327,Nashville
"(5, 2, 2, 1, 0, 0)","(3, 2, 2, 1, 0, 0)",0.31750028576941125,11.656259569056136,4.112027995194051,0.31737731886579684,9.970661681330515,41.95411804814745,1,5.4821035833824014,Nashville
"(3, 1, 2, 1, 0, 1)","(3, 1, 2, 2, 0, 1)",0.31340160673007544,11.641809650711746,4.112027995194051,0.31737731886579684,9.970661681330515,41.95411804814745,0,5.057785761104431,Nashville
"(4, 3, 2, 1, 1, 0)","(3, 3, 4, 2, 1, 0)",0.2991465412317198,10.668694198996972,10.152560582347487,0.31737731886579684,9.970661681330515,41.95411804814745,0,2.055110500838749,Nashville
"(5, 2, 2, 1, 0, 0)","(3, 2, 3, 1, 0, 0)",0.31750028576941125,11.656259569056136,4.112027995194051,0.31737731886579684,9.970661681330515,41.95411804814745,1,5.4821035833824014,Nashville
"(4, 2, 2, 1, 1, 1)","(3, 2, 3, 1, 1, 1)",0.31127232966068297,11.25464713744512,10.159322795537918,0.31737731886579684,9.970661681330515,41.95411804814745,0,3.852966060864171,Nashville
"(3, 1, 2, 1, 1, 0)","(3, 1, 3, 2, 1, 0)",0.31340160673007544,11.272245161717493,10.143922721837662,0.31737731886579684,9.970661681330515,41.95411804814745,0,4.085031799445816,Nashville
"(5, 3, 2, 1, 0, 1)","(3, 3, 2, 2, 0, 1)",0.3090108518463598,11.113999135024013,4.112027995194051,0.31737731886579684,9.970661681330515,41.95411804814745,0,4.090899757045133,Nashville
"(6, 1, 2, 1, 1, 0)","(3, 1, 3, 2, 1, 0)",0.299975813073261,11.097649787976135,10.152518402928461,0.31737731886579684,9.970661681330515,41.95411804814745,0,2.566997491913933,Nashville
"(6, 2, 2, 1, 1, 1)","(3, 2, 4, 2, 1, 1)",0.3170125233102949,11.038488825604562,10.143909406938555,0.31737731886579684,9.970661681330515,41.95411804814745,0,4.212368452844741,Nashville
"(5, 2, 2, 1, 1, 0)","(3, 2, 4, 1, 1, 0)",0.31750028576941125,11.293444816284865,10.158940541381934,0.31737731886579684,9.970661681330515,41.95411804814745,1,4.514597575992342,Nashville
"(5, 1, 2, 1, 0, 0)","(3, 1, 4, 1, 0, 0)",0.3012802448258831,11.728679556986892,4.112027995194051,0.31737731886579684,9.970661681330515,41.95411804814745,0,3.9325194769603433,Nashville
"(5, 3, 2, 1, 1, 0)","(3, 3, 3, 2, 1, 0)",0.3090108518463598,10.742118388069718,10.149371886640063,0.31737731886579684,9.970661681330515,41.95411804814745,0,3.1152846209462366,Nashville
"(3, 3, 2, 1, 0, 0)","(3, 3, 2, 1, 0, 0)",0.3174728211253115,11.561286842002037,4.112027995194051,0.31737731886579684,9.970661681330515,41.95411804814745,1,5.384384391918327,Nashville
"(5, 2, 2, 1, 1, 0)","(3, 2, 3, 1, 1, 0)",0.31750028576941125,11.293444816284865,10.158940541381934,0.31737731886579684,9.970661681330515,41.95411804814745,1,4.514597575992342,Nashville
"(6, 2, 2, 1, 0, 0)","(3, 2, 2, 1, 0, 0)",0.3170125233102949,11.650672817200931,4.112027995194051,0.31737731886579684,9.970661681330515,41.95411804814745,0,5.4277405856155605,Nashville
"(6, 1, 2, 1, 1, 0)","(3, 1, 2, 2, 1, 0)",0.299975813073261,11.097649787976135,10.152518402928461,0.31737731886579684,9.970661681330515,41.95411804814745,0,2.566997491913933,Nashville
"(5, 1, 2, 1, 1, 0)","(3, 1, 4, 1, 1, 0)",0.3012802448258831,11.365372638607976,10.167143301509315,0.31737731886579684,9.970661681330515,41.95411804814745,0,2.9637010279499014,Nashville
"(6, 2, 2, 1, 1, 0)","(3, 2, 3, 1, 1, 0)",0.3170125233102949,11.287968539280346,10.157099293870438,0.31737731886579684,9.970661681330515,41.95411804814745,0,4.460529177827337,Nashville
"(4, 2, 2, 1, 1, 1)","(3, 2, 4, 1, 1, 1)",0.31127232966068297,11.25464713744512,10.159322795537918,0.31737731886579684,9.970661681330515,41.95411804814745,0,3.852966060864171,Nashville
"(5, 3, 2, 1, 0, 1)","(3, 3, 3, 2, 0, 1)",0.3090108518463598,11.113999135024013,4.112027995194051,0.31737731886579684,9.970661681330515,41.95411804814745,0,4.090899757045133,Nashville
"(6, 3, 2, 1, 1, 0)","(3, 3, 4, 1, 1, 0)",0.27553569290776847,10.751994640741952,10.179117443093467,0.31737731886579684,9.970661681330515,41.95411804814745,0,-0.22532957588600233,Nashville
"(5, 3, 2, 1, 1, 1)","(3, 3, 4, 2, 1, 1)",0.3090108518463598,10.751758501537253,10.149371886640063,0.31737731886579684,9.970661681330515,41.95411804814745,0,3.1249247344137716,Nashville
"(6, 3, 2, 1, 0, 0)","(3, 3, 4, 2, 0, 0)",0.27553569290776847,10.859619111287873,4.112027995194051,0.31737731886579684,9.970661681330515,41.95411804814745,0,0.48900383944986103,Nashville
"(3, 2, 2, 1, 0, 0)","(3, 2, 2, 1, 0, 0)",0.31737731886579684,11.769203256466062,4.112027995194051,0.31737731886579684,9.970661681330515,41.95411804814745,0,5.582750580430886,Nashville
"(5, 2, 2, 1, 0, 1)","(3, 2, 3, 2, 0, 1)",0.31750028576941125,11.405875947330228,4.112027995194051,0.31737731886579684,9.970661681330515,41.95411804814745,1,5.231719961656494,Nashville
"(3, 3, 2, 1, 0, 1)","(3, 3, 2, 1, 0, 1)",0.3174728211253115,11.570467808476801,4.112027995194051,0.31737731886579684,9.970661681330515,41.95411804814745,1,5.393565358393091,Nashville
"(6, 1, 2, 1, 0, 1)","(3, 1, 3, 1, 0, 1)",0.299975813073261,11.726111155491036,4.112027995194051,0.31737731886579684,9.970661681330515,41.95411804814745,0,3.7995079002022756,Nashville
"(5, 1, 2, 1, 0, 1)","(3, 1, 2, 2, 0, 1)",0.3012802448258831,11.478598481547845,4.112027995194051,0.31737731886579684,9.970661681330515,41.95411804814745,0,3.6824384015212965,Nashville
"(5, 2, 2, 1, 1, 0)","(3, 2, 4, 1, 1, 0)",0.31750028576941125,11.293444816284865,10.158940541381934,0.31737731886579684,9.970661681330515,41.95411804814745,1,4.514597575992342,Nashville
"(3, 2, 2, 1, 1, 1)","(3, 2, 4, 2, 1, 1)",0.31737731886579684,11.156687623217564,10.141734258757555,0.31737731886579684,9.970661681330515,41.95411804814745,0,4.367264320826038,Nashville
"(4, 3, 2, 1, 1, 1)","(3, 3, 2, 2, 1, 1)",0.2991465412317198,10.678334312464507,10.152560582347487,0.31737731886579684,9.970661681330515,41.95411804814745,0,2.064750614306284,Nashville
"(4, 1, 2, 1, 1, 0)","(3, 1, 3, 2, 1, 0)",0.30699095315538016,11.148213557988921,10.146543995935936,0.31737731886579684,9.970661681330515,41.95411804814745,0,3.3196727108378896,Nashville
"(4, 1, 2, 1, 1, 1)","(3, 1, 4, 1, 1, 1)",0.30699095315538016,11.41389397942352,10.159730277099715,0.31737731886579684,9.970661681330515,41.95411804814745,0,3.5840345041561106,Nashville
"(5, 2, 2, 1, 0, 0)","(3, 2, 3, 2, 0, 0)",0.31750028576941125,11.397039176651655,4.112027995194051,0.31737731886579684,9.970661681330515,41.95411804814745,1,5.22288319097792,Nashville
"(4, 2, 2, 1, 0, 1)","(3, 2, 3, 2, 0, 1)",0.31127232966068297,11.358739702691725,4.112027995194051,0.31737731886579684,9.970661681330515,41.95411804814745,0,4.561788106145162,Nashville
"(3, 1, 2, 1, 0, 0)","(3, 1, 2, 1, 0, 0)",0.31340160673007544,11.893047067128773,4.112027995194051,0.31737731886579684,9.970661681330515,41.95411804814745,0,5.309023177521458,Nashville
"(3, 1, 2, 1, 0, 1)","(3, 1, 3, 2, 0, 1)",0.31340160673007544,11.641809650711746,4.112027995194051,0.31737731886579684,9.970661681330515,41.95411804814745,0,5.057785761104431,Nashville
"(5, 3, 2, 1, 0, 1)","(3, 3, 3, 1, 0, 1)",0.3090108518463598,11.372647684381459,4.112027995194051,0.31737731886579684,9.970661681330515,41.95411804814745,0,4.349548306402578,Nashville
"(6, 2, 2, 1, 0, 1)","(3, 2, 2, 2, 0, 1)",0.3170125233102949,11.400401710309232,4.112027995194051,0.31737731886579684,9.970661681330515,41.95411804814745,0,5.177469478723862,Nashville
"(5, 1, 2, 1, 1, 1)","(3, 1, 4, 2, 1, 1)",0.3012802448258831,11.116082130180788,10.153967184645001,0.31737731886579684,9.970661681330515,41.95411804814745,0,2.7157281312091444,Nashville
"(5, 2, 2, 1, 1, 1)","(3, 2, 4, 2, 1, 1)",0.31750028576941125,11.043852436374394,10.145753177791299,0.31737731886579684,9.970661681330515,41.95411804814745,1,4.266323932440934,Nashville
"(5, 2, 2, 1, 0, 0)","(3, 2, 4, 1, 0, 0)",0.31750028576941125,11.656259569056136,4.112027995194051,0.31737731886579684,9.970661681330515,41.95411804814745,1,5.4821035833824014,Nashville
"(4, 1, 2, 1, 1, 1)","(3, 1, 4, 2, 1, 1)",0.30699095315538016,11.156246985878532,10.146543995935936,0.31737731886579684,9.970661681330515,41.95411804814745,0,3.3277061387275007,Nashville
"(4, 3, 2, 1, 1, 0)","(3, 3, 3, 1, 1, 0)",0.2991465412317198,10.925848679505982,10.165738625756903,0.31737731886579684,9.970661681330515,41.95411804814745,0,2.3109471770068177,Nashville
"(4, 1, 2, 1, 0, 1)","(3, 1, 3, 1, 0, 1)",0.30699095315538016,11.776756116337861,4.112027995194051,0.31737731886579684,9.970661681330515,41.95411804814745,0,4.551666869261018,Nashville
"(4, 1, 2, 1, 1, 1)","(3, 1, 2, 2, 1, 1)",0.30699095315538016,11.156246985878532,10.146543995935936,0.31737731886579684,9.970661681330515,41.95411804814745,0,3.3277061387275007,Nashville
"(5, 2, 2, 1, 1, 1)","(3, 2, 2, 1, 1, 1)",0.31750028576941125,11.302281586963435,10.158940541381934,0.31737731886579684,9.970661681330515,41.95411804814745,1,4.523434346670912,Nashville
"(5, 3, 2, 1, 0, 0)","(3, 3, 2, 2, 0, 0)",0.3057086122756063,11.12612516495727,4.112027995194051,0.31411559611153084,9.996362589949937,41.95411804814745,0,4.073273196710218,Denver
"(3, 3, 2, 1, 1, 1)","(3, 3, 4, 1, 1, 1)",0.31420760937542636,11.233599295716747,10.154874618687401,0.31411559611153084,9.996362589949937,41.95411804814745,1,4.426362375102366,Denver
"(6, 2, 2, 1, 0, 1)","(3, 2, 4, 1, 0, 1)",0.3138040447196173,11.685730989300449,4.112027995194051,0.31411559611153084,9.996362589949937,41.95411804814745,0,5.4424222654545,Denver
"(4, 3, 2, 1, 1, 1)","(3, 3, 3, 2, 1, 1)",0.29660262703720347,10.702486465839232,10.152560582347487,0.31411559611153084,9.996362589949937,41.95411804814745,0,2.1349827150365552,Denver
"(4, 2, 2, 1, 0, 1)","(3, 2, 2, 1, 0, 1)",0.308223700001501,11.643150361739192,4.112027995194051,0.31411559611153084,9.996362589949937,41.95411804814745,0,4.841807166081612,Denver
"(6, 3, 2, 1, 1, 1)","(3, 3, 2, 2, 1, 1)",0.2739475566964153,10.530654561056377,10.165957759251443,0.31411559611153084,9.996362589949937,41.95411804814745,0,-0.3036959415155138,Denver
"(3, 3, 2, 1, 0, 0)","(3, 3, 3, 2, 0, 0)",0.31420760937542636,11.326079191040247,4.112027995194051,0.31411559611153084,9.996362589949937,41.95411804814745,1,5.123126932775201,Denver
"(3, 1, 2, 1, 0, 1)","(3, 1, 3, 1, 0, 1)",0.31028617709126244,11.926345754019618,4.112027995194051,0.31411559611153084,9.996362589949937,41.95411804814745,0,5.331250267338181,Denver
"(3, 3, 2, 1, 0, 0)","(3, 3, 4, 2, 0, 0)",0.31420760937542636,11.326079191040247,4.112027995194051,0.31411559611153084,9.996362589949937,41.95411804814745,1,5.123126932775201,Denver
"(6, 2, 2, 1, 0, 1)","(3, 2, 3, 2, 0, 1)",0.3138040447196173,11.424864003787157,4.112027995194051,0.31411559611153084,9.996362589949937,41.95411804814745,0,5.1815552799412075,Denver
"(3, 2, 2, 1, 1, 1)","(3, 2, 2, 1, 1, 1)",0.31411559611153084,11.440746103412744,10.154927121993033,0.31411559611153084,9.996362589949937,41.95411804814745,0,4.624302606078249,Denver
"(5, 2, 2, 1, 1, 0)","(3, 2, 4, 2, 1, 0)",0.3123930310603723,11.044997531997122,10.145753177791299,0.31411559611153084,9.996362589949937,41.95411804814745,0,4.0572149239669475,Denver
"(3, 3, 2, 1, 0, 0)","(3, 3, 4, 1, 0, 0)",0.31420760937542636,11.586989126651584,4.112027995194051,0.31411559611153084,9.996362589949937,41.95411804814745,1,5.384036868386539,Denver
"(5, 2, 2, 1, 0, 0)","(3, 2, 2, 1, 0, 0)",0.3123930310603723,11.667852311254366,4.112027995194051,0.31411559611153084,9.996362589949937,41.95411804814745,0,5.283442221483916,Denver
"(3, 1, 2, 1, 0, 1)","(3, 1, 2, 2, 0, 1)",0.31028617709126244,11.665700809745957,4.112027995194051,0.31411559611153084,9.996362589949937,41.95411804814745,0,5.07060532306452,Denver
"(4, 3, 2, 1, 1, 0)","(3, 3, 4, 2, 1, 0)",0.29660262703720347,10.6928463523717,10.152560582347487,0.31411559611153084,9.996362589949937,41.95411804814745,0,2.125342601569022,Denver
"(5, 2, 2, 1, 0, 0)","(3, 2, 3, 1, 0, 0)",0.3123930310603723,11.667852311254366,4.112027995194051,0.31411559611153084,9.996362589949937,41.95411804814745,0,5.283442221483916,Denver
"(4, 2, 2, 1, 1, 1)","(3, 2, 3, 1, 1, 1)",0.308223700001501,11.280312673718562,10.159322795537918,0.31411559611153084,9.996362589949937,41.95411804814745,0,3.874239998026596,Denver
"(3, 1, 2, 1, 1, 0)","(3, 1, 3, 2, 1, 0)",0.31028617709126244,11.296136320751703,10.143922721837662,0.31411559611153084,9.996362589949937,41.95411804814745,0,4.097851361405905,Denver
"(5, 3, 2, 1, 0, 1)","(3, 3, 2, 2, 0, 1)",0.3057086122756063,11.135765278424802,4.112027995194051,0.31411559611153084,9.996362589949937,41.95411804814745,0,4.0829133101777515,Denver
"(6, 1, 2, 1, 1, 0)","(3, 1, 3, 2, 1, 0)",0.29739167354604856,11.121791440718503,10.152518402928461,0.31411559611153084,9.996362589949937,41.95411804814745,0,2.6331965587422377,Denver
"(6, 2, 2, 1, 1, 1)","(3, 2, 4, 2, 1, 1)",0.3138040447196173,11.062951119082486,10.143909406938555,0.31411559611153084,9.996362589949937,41.95411804814745,0,4.216454254062086,Denver
"(5, 2, 2, 1, 1, 0)","(3, 2, 4, 1, 1, 0)",0.3123930310603723,11.305037558483093,10.158940541381934,0.31411559611153084,9.996362589949937,41.95411804814745,0,4.315936214093854,Denver
"(5, 1, 2, 1, 0, 0)","(3, 1, 4, 1, 0, 0)",0.2984107614837804,11.753185535868411,4.112027995194051,0.31411559611153084,9.996362589949937,41.95411804814745,0,3.9705484884387676,Denver
"(5, 3, 2, 1, 1, 0)","(3, 3, 3, 2, 1, 0)",0.3057086122756063,10.76388453147051,10.149371886640063,0.31411559611153084,9.996362589949937,41.95411804814745,0,3.107298174078858,Denver
"(3, 3, 2, 1, 0, 0)","(3, 3, 2, 1, 0, 0)",0.31420760937542636,11.586989126651584,4.112027995194051,0.31411559611153084,9.996362589949937,41.95411804814745,1,5.384036868386539,Denver
"(5, 2, 2, 1, 1, 0)","(3, 2, 3, 1, 1, 0)",0.3123930310603723,11.305037558483093,10.158940541381934,0.31411559611153084,9.996362589949937,41.95411804814745,0,4.315936214093854,Denver
"(6, 2, 2, 1, 0, 0)","(3, 2, 2, 1, 0, 0)",0.3138040447196173,11.676894218621875,4.112027995194051,0.31411559611153084,9.996362589949937,41.95411804814745,0,5.433585494775926,Denver
"(6, 1, 2, 1, 1, 0)","(3, 1, 2, 2, 1, 0)",0.29739167354604856,11.121791440718503,10.152518402928461,0.31411559611153084,9.996362589949937,41.95411804814745,0,2.6331965587422377,Denver
"(5, 1, 2, 1, 1, 0)","(3, 1, 4, 1, 1, 0)",0.2984107614837804,11.389878617489495,10.167143301509315,0.31411559611153084,9.996362589949937,41.95411804814745,0,3.0017300394283257,Denver
"(6, 2, 2, 1, 1, 0)","(3, 2, 3, 1, 1, 0)",0.3138040447196173,11.314189940701294,10.157099293870438,0.31411559611153084,9.996362589949937,41.95411804814745,0,4.466374086987706,Denver
"(4, 2, 2, 1, 1, 1)","(3, 2, 4, 1, 1, 1)",0.308223700001501,11.280312673718562,10.159322795537918,0.31411559611153084,9.996362589949937,41.95411804814745,0,3.874239998026596,Denver
"(5, 3, 2, 1, 0, 1)","(3, 3, 3, 2, 0, 1)",0.3057086122756063,11.135765278424802,4.112027995194051,0.31411559611153084,9.996362589949937,41.95411804814745,0,4.0829133101777515,Denver
"(6, 3, 2, 1, 1, 0)","(3, 3, 4, 1, 1, 0)",0.2739475566964153,10.778415635434522,10.179117443093467,0.31411559611153084,9.996362589949937,41.95411804814745,0,-0.05725083552157173,Denver
"(5, 3, 2, 1, 1, 1)","(3, 3, 4, 2, 1, 1)",0.3057086122756063,10.773524644938043,10.149371886640063,0.31411559611153084,9.996362589949937,41.95411804814745,0,3.1169382875463914,Denver
"(6, 3, 2, 1, 0, 0)","(3, 3, 4, 2, 0, 0)",0.2739475566964153,10.884250233432287,4.112027995194051,0.31411559611153084,9.996362589949937,41.95411804814745,0,0.6552927072661348,Denver
"(3, 2, 2, 1, 0, 0)","(3, 2, 2, 1, 0, 0)",0.31411559611153084,11.794904165085484,4.112027995194051,0.31411559611153084,9.996362589949937,41.95411804814745,0,5.582750580430886,Denver
"(5, 2, 2, 1, 0, 1)","(3, 2, 3, 2, 0, 1)",0.3123930310603723,11.415857813631533,4.112027995194051,0.31411559611153084,9.996362589949937,41.95411804814745,0,5.031447723861082,Denver
"(3, 3, 2, 1, 0, 1)","(3, 3, 2, 1, 0, 1)",0.31420760937542636,11.596170093126348,4.112027995194051,0.31411559611153084,9.996362589949937,41.95411804814745,1,5.393217834861303,Denver
"(6, 1, 2, 1, 0, 1)","(3, 1, 3, 1, 0, 1)",0.29739167354604856,11.752020654976766,4.112027995194051,0.31411559611153084,9.996362589949937,41.95411804814745,0,3.867474813773941,Denver
"(5, 1, 2, 1, 0, 1)","(3, 1, 2, 2, 0, 1)",0.2984107614837804,11.501350784702687,4.112027995194051,0.31411559611153084,9.996362589949937,41.95411804814745,0,3.7187137372730437,Denver
"(5, 2, 2, 1, 1, 0)","(3, 2, 4, 1, 1, 0)",0.3123930310603723,11.305037558483093,10.158940541381934,0.31411559611153084,9.996362589949937,41.95411804814745,0,4.315936214093854,Denver
"(3, 2, 2, 1, 1, 1)","(3, 2, 4, 2, 1, 1)",0.31411559611153084,11.180633926468163,10.141734258757555,0.31411559611153084,9.996362589949937,41.95411804814745,0,4.365509715457215,Denver
"(4, 3, 2, 1, 1, 1)","(3, 3, 2, 2, 1, 1)",0.29660262703720347,10.702486465839232,10.152560582347487,0.31411559611153084,9.996362589949937,41.95411804814745,0,2.1349827150365552,Denver
"(4, 1, 2, 1, 1, 0)","(3, 1, 3, 2, 1, 0)",0.30433207048433786,11.173488930155106,10.146543995935936,0.31411559611153084,9.996362589949937,41.95411804814745,0,3.379531182707022,Denver
"(4, 1, 2, 1, 1, 1)","(3, 1, 4, 1, 1, 1)",0.30433207048433786,11.440943539734912,10.159730277099715,0.31411559611153084,9.996362589949937,41.95411804814745,0,3.64566716417045,Denver
"(5, 2, 2, 1, 0, 0)","(3, 2, 3, 2, 0, 0)",0.3123930310603723,11.407021042952959,4.112027995194051,0.31411559611153084,9.996362589949937,41.95411804814745,0,5.022610953182508,Denver
"(4, 2, 2, 1, 0, 1)","(3, 2, 3, 2, 0, 1)",0.308223700001501,11.382647213620203,4.112027995194051,0.31411559611153084,9.996362589949937,41.95411804814745,0,4.581304017962623,Denver
"(3, 1, 2, 1, 0, 0)","(3, 1, 2, 1, 0, 0)",0.31028617709126244,11.918694948623983,4.112027995194051,0.31411559611153084,9.996362589949937,41.95411804814745,0,5.323599461942546,Denver
"(3, 1, 2, 1, 0, 1)","(3, 1, 3, 2, 0, 1)",0.31028617709126244,11.665700809745957,4.112027995194051,0.31411559611153084,9.996362589949937,41.95411804814745,0,5.07060532306452,Denver
"(5, 3, 2, 1, 0, 1)","(3, 3, 3, 1, 0, 1)",0.3057086122756063,11.396153351304816,4.112027995194051,0.31411559611153084,9.996362589949937,41.95411804814745,0,4.343301383057765,Denver
"(6, 2, 2, 1, 0, 1)","(3, 2, 2, 2, 0, 1)",0.3138040447196173,11.424864003787157,4.112027995194051,0.31411559611153084,9.996362589949937,41.95411804814745,0,5.1815552799412075,Denver
"(5, 1, 2, 1, 1, 1)","(3, 1, 4, 2, 1, 1)",0.2984107614837804,11.138834433335628,10.153967184645001,0.31411559611153084,9.996362589949937,41.95411804814745,0,2.7520034669608897,Denver
"(5, 2, 2, 1, 1, 1)","(3, 2, 4, 2, 1, 1)",0.3123930310603723,11.053834302675696,10.145753177791299,0.31411559611153084,9.996362589949937,41.95411804814745,0,4.066051694645521,Denver
"(5, 2, 2, 1, 0, 0)","(3, 2, 4, 1, 0, 0)",0.3123930310603723,11.667852311254366,4.112027995194051,0.31411559611153084,9.996362589949937,41.95411804814745,0,5.283442221483916,Denver
"(4, 1, 2, 1, 1, 1)","(3, 1, 4, 2, 1, 1)",0.30433207048433786,11.181522358044717,10.146543995935936,0.31411559611153084,9.996362589949937,41.95411804814745,0,3.387564610596633,Denver
"(4, 3, 2, 1, 1, 0)","(3, 3, 3, 1, 1, 0)",0.29660262703720347,10.951769469952808,10.165738625756903,0.31411559611153084,9.996362589949937,41.95411804814745,0,2.382947914809189,Denver
"(4, 1, 2, 1, 0, 1)","(3, 1, 3, 1, 0, 1)",0.30433207048433786,11.803805676649251,4.112027995194051,0.31411559611153084,9.996362589949937,41.95411804814745,0,4.613299529275356,Denver
"(4, 1, 2, 1, 1, 1)","(3, 1, 2, 2, 1, 1)",0.30433207048433786,11.181522358044717,10.146543995935936,0.31411559611153084,9.996362589949937,41.95411804814745,0,3.387564610596633,Denver
"(5, 2, 2, 1, 1, 1)","(3, 2, 2, 1, 1, 1)",0.3123930310603723,11.313874329161667,10.158940541381934,0.31411559611153084,9.996362589949937,41.95411804814745,0,4.324772984772428,Denver
"(5, 3, 2, 1, 0, 0)","(3, 3, 2, 2, 0, 0)",0.3018711161133299,10.810664236678143,4.112027995194051,0.3103333506200358,9.680988229017242,41.95411804814745,0,4.06766156228565,Portland
"(3, 3, 2, 1, 1, 1)","(3, 3, 4, 1, 1, 1)",0.3104209799186148,10.918188599595174,10.154874618687401,0.3103333506200358,9.680988229017242,41.95411804814745,1,4.425887643381834,Portland
"(6, 2, 2, 1, 0, 1)","(3, 2, 4, 1, 0, 1)",0.3100827212978399,11.370856590409192,4.112027995194051,0.3103333506200358,9.680988229017242,41.95411804814745,0,5.449014434467701,Portland
"(4, 3, 2, 1, 1, 1)","(3, 3, 3, 2, 1, 1)",0.2937005076980309,10.394674553196353,10.152560582347487,0.3103333506200358,9.680988229017242,41.95411804814745,0,2.2305577785586177,Portland
"(4, 2, 2, 1, 0, 1)","(3, 2, 2, 1, 0, 1)",0.3047057939630698,11.329967638747002,4.112027995194051,0.3103333506200358,9.680988229017242,41.95411804814745,0,4.870432749328499,Portland
"(6, 3, 2, 1, 1, 1)","(3, 3, 2, 2, 1, 1)",0.2721703232154941,10.232069659348058,10.165957759251443,0.3103333506200358,9.680988229017242,41.95411804814745,0,-0.08640528123375191,Portland
"(3, 3, 2, 1, 0, 0)","(3, 3, 3, 2, 0, 0)",0.3104209799186148,11.011012504606088,4.112027995194051,0.3103333506200358,9.680988229017242,41.95411804814745,1,5.122996210742083,Portland
"(3, 1, 2, 1, 0, 1)","(3, 1, 3, 1, 0, 1)",0.3066868869913567,11.61248847627417,4.112027995194051,0.3103333506200358,9.680988229017242,41.95411804814745,0,5.351062889684358,Portland
"(3, 3, 2, 1, 0, 0)","(3, 3, 4, 2, 0, 0)",0.3104209799186148,11.011012504606088,4.112027995194051,0.3103333506200358,9.680988229017242,41.95411804814745,1,5.122996210742083,Portland
"(6, 2, 2, 1, 0, 1)","(3, 2, 3, 2, 0, 1)",0.3100827212978399,11.110328043512112,4.112027995194051,0.3103333506200358,9.680988229017242,41.95411804814745,0,5.1884858875706215,Portland
"(3, 2, 2, 1, 1, 1)","(3, 2, 2, 1, 1, 1)",0.3103333506200358,11.125371742480048,10.154927121993033,0.3103333506200358,9.680988229017242,41.95411804814745,0,4.624302606078249,Portland
"(5, 2, 2, 1, 1, 0)","(3, 2, 4, 2, 1, 0)",0.3083184375029791,10.727585595667094,10.145753177791299,0.3103333506200358,9.680988229017242,41.95411804814745,0,4.025942541979797,Portland
"(3, 3, 2, 1, 0, 0)","(3, 3, 4, 1, 0, 0)",0.3104209799186148,11.271578430530012,4.112027995194051,0.3103333506200358,9.680988229017242,41.95411804814745,1,5.383562136666007,Portland
"(5, 2, 2, 1, 0, 0)","(3, 2, 2, 1, 0, 0)",0.3083184375029791,11.350071757661107,4.112027995194051,0.3103333506200358,9.680988229017242,41.95411804814745,0,5.251801222233535,Portland
"(3, 1, 2, 1, 0, 1)","(3, 1, 2, 2, 0, 1)",0.3066868869913567,11.352171458248506,4.112027995194051,0.3103333506200358,9.680988229017242,41.95411804814745,0,5.090745871658695,Portland
"(4, 3, 2, 1, 1, 0)","(3, 3, 4, 2, 1, 0)",0.2937005076980309,10.38503443972882,10.152560582347487,0.3103333506200358,9.680988229017242,41.95411804814745,0,2.2209176650910845,Portland
"(5, 2, 2, 1, 0, 0)","(3, 2, 3, 1, 0, 0)",0.3083184375029791,11.350071757661107,4.112027995194051,0.3103333506200358,9.680988229017242,41.95411804814745,0,5.251801222233535,Portland
"(4, 2, 2, 1, 1, 1)","(3, 2, 3, 1, 1, 1)",0.3047057939630698,10.96712995072637,10.159322795537918,0.3103333506200358,9.680988229017242,41.95411804814745,0,3.9028655812734807,Portland
"(3, 1, 2, 1, 1, 0)","(3, 1, 3, 2, 1, 0)",0.3066868869913567,10.982606969254253,10.143922721837662,0.3103333506200358,9.680988229017242,41.95411804814745,0,4.11799191000008,Portland
"(5, 3, 2, 1, 0, 1)","(3, 3, 2, 2, 0, 1)",0.3018711161133299,10.820304350145674,4.112027995194051,0.3103333506200358,9.680988229017242,41.95411804814745,0,4.077301675753182,Portland
"(6, 1, 2, 1, 1, 0)","(3, 1, 3, 2, 1, 0)",0.29444068360545034,10.813578594541024,10.152518402928461,0.3103333506200358,9.680988229017242,41.95411804814745,0,2.723483628587134,Portland
"(6, 2, 2, 1, 1, 1)","(3, 2, 4, 2, 1, 1)",0.3100827212978399,10.748415158807443,10.143909406938555,0.3103333506200358,9.680988229017242,41.95411804814745,0,4.223384861691503,Portland
"(5, 2, 2, 1, 1, 0)","(3, 2, 4, 1, 1, 0)",0.3083184375029791,10.987257004889834,10.158940541381934,0.3103333506200358,9.680988229017242,41.95411804814745,0,4.284295214843473,Portland
"(5, 1, 2, 1, 0, 0)","(3, 1, 4, 1, 0, 0)",0.2951057421740948,11.441780240780163,4.112027995194051,0.3103333506200358,9.680988229017242,41.95411804814745,0,4.02224017246416,Portland
"(5, 3, 2, 1, 1, 0)","(3, 3, 3, 2, 1, 0)",0.3018711161133299,10.44842360319138,10.149371886640063,0.3103333506200358,9.680988229017242,41.95411804814745,0,3.1016865396542856,Portland
"(3, 3, 2, 1, 0, 0)","(3, 3, 2, 1, 0, 0)",0.3104209799186148,11.271578430530012,4.112027995194051,0.3103333506200358,9.680988229017242,41.95411804814745,1,5.383562136666007,Portland
"(5, 2, 2, 1, 1, 0)","(3, 2, 3, 1, 1, 0)",0.3083184375029791,10.987257004889834,10.158940541381934,0.3103333506200358,9.680988229017242,41.95411804814745,0,4.284295214843473,Portland
"(6, 2, 2, 1, 0, 0)","(3, 2, 2, 1, 0, 0)",0.3100827212978399,11.36201981973062,4.112027995194051,0.3103333506200358,9.680988229017242,41.95411804814745,0,5.440177663789129,Portland
"(6, 1, 2, 1, 1, 0)","(3, 1, 2, 2, 1, 0)",0.29444068360545034,10.813578594541024,10.152518402928461,0.3103333506200358,9.680988229017242,41.95411804814745,0,2.723483628587134,Portland
"(5, 1, 2, 1, 1, 0)","(3, 1, 4, 1, 1, 0)",0.2951057421740948,11.078473322401248,10.167143301509315,0.3103333506200358,9.680988229017242,41.95411804814745,0,3.0534217234537184,Portland
"(6, 2, 2, 1, 1, 0)","(3, 2, 3, 1, 1, 0)",0.3100827212978399,10.999315541810034,10.157099293870438,0.3103333506200358,9.680988229017242,41.95411804814745,0,4.472966256000905,Portland
"(4, 2, 2, 1, 1, 1)","(3, 2, 4, 1, 1, 1)",0.3047057939630698,10.96712995072637,10.159322795537918,0.3103333506200358,9.680988229017242,41.95411804814745,0,3.9028655812734807,Portland
"(5, 3, 2, 1, 0, 1)","(3, 3, 3, 2, 0, 1)",0.3018711161133299,10.820304350145674,4.112027995194051,0.3103333506200358,9.680988229017242,41.95411804814745,0,4.077301675753182,Portland
"(6, 3, 2, 1, 1, 0)","(3, 3, 4, 1, 1, 0)",0.2721703232154941,10.479659169634493,10.179117443093467,0.3103333506200358,9.680988229017242,41.95411804814745,0,0.15986826066848003,Portland
"(5, 3, 2, 1, 1, 1)","(3, 3, 4, 2, 1, 1)",0.3018711161133299,10.458063716658915,10.149371886640063,0.3103333506200358,9.680988229017242,41.95411804814745,0,3.1113266531218207,Portland
"(6, 3, 2, 1, 0, 0)","(3, 3, 4, 2, 0, 0)",0.2721703232154941,10.585665331723966,4.112027995194051,0.3103333506200358,9.680988229017242,41.95411804814745,0,0.8725833675478949,Portland
"(3, 2, 2, 1, 0, 0)","(3, 2, 2, 1, 0, 0)",0.3103333506200358,11.479529804152786,4.112027995194051,0.3103333506200358,9.680988229017242,41.95411804814745,0,5.582750580430885,Portland
"(5, 2, 2, 1, 0, 1)","(3, 2, 3, 2, 0, 1)",0.3083184375029791,11.098445877301502,4.112027995194051,0.3103333506200358,9.680988229017242,41.95411804814745,0,5.0001753418739305,Portland
"(3, 3, 2, 1, 0, 1)","(3, 3, 2, 1, 0, 1)",0.3104209799186148,11.280759397004775,4.112027995194051,0.3103333506200358,9.680988229017242,41.95411804814745,1,5.392743103140771,Portland
"(6, 1, 2, 1, 0, 1)","(3, 1, 3, 1, 0, 1)",0.29444068360545034,11.443535514140946,4.112027995194051,0.3103333506200358,9.680988229017242,41.95411804814745,0,3.9574895889604966,Portland
"(5, 1, 2, 1, 0, 1)","(3, 1, 2, 2, 0, 1)",0.2951057421740948,11.190248075767094,4.112027995194051,0.3103333506200358,9.680988229017242,41.95411804814745,0,3.7707080074510912,Portland
"(5, 2, 2, 1, 1, 0)","(3, 2, 4, 1, 1, 0)",0.3083184375029791,10.987257004889834,10.158940541381934,0.3103333506200358,9.680988229017242,41.95411804814745,0,4.284295214843473,Portland
"(3, 2, 2, 1, 1, 1)","(3, 2, 4, 2, 1, 1)",0.3103333506200358,10.865603199020637,10.141734258757555,0.3103333506200358,9.680988229017242,41.95411804814745,0,4.365853348942384,Portland
"(4, 3, 2, 1, 1, 1)","(3, 3, 2, 2, 1, 1)",0.2937005076980309,10.394674553196353,10.152560582347487,0.3103333506200358,9.680988229017242,41.95411804814745,0,2.2305577785586177,Portland
"(4, 1, 2, 1, 1, 0)","(3, 1, 3, 2, 1, 0)",0.3012854588447053,10.864480030335725,10.146543995935936,0.3103333506200358,9.680988229017242,41.95411804814745,0,3.4594600290065856,Portland
"(4, 1, 2, 1, 1, 1)","(3, 1, 4, 1, 1, 1)",0.3012854588447053,11.131654059824108,10.159730277099715,0.3103333506200358,9.680988229017242,41.95411804814745,0,3.72531543037859,Portland
"(5, 2, 2, 1, 0, 0)","(3, 2, 3, 2, 0, 0)",0.3083184375029791,11.089609106622929,4.112027995194051,0.3103333506200358,9.680988229017242,41.95411804814745,0,4.991338571195357,Portland
"(4, 2, 2, 1, 0, 1)","(3, 2, 3, 2, 0, 1)",0.3047057939630698,11.069785432133425,4.112027995194051,0.3103333506200358,9.680988229017242,41.95411804814745,0,4.6102505427149225,Portland
"(3, 1, 2, 1, 0, 0)","(3, 1, 2, 1, 0, 0)",0.3066868869913567,11.604837670878531,4.112027995194051,0.3103333506200358,9.680988229017242,41.95411804814745,0,5.34341208428872,Portland
"(3, 1, 2, 1, 0, 1)","(3, 1, 3, 2, 0, 1)",0.3066868869913567,11.352171458248506,4.112027995194051,0.3103333506200358,9.680988229017242,41.95411804814745,0,5.090745871658695,Portland
"(5, 3, 2, 1, 0, 1)","(3, 3, 3, 1, 0, 1)",0.3018711161133299,11.080344199939269,4.112027995194051,0.3103333506200358,9.680988229017242,41.95411804814745,0,4.337341525546776,Portland
"(6, 2, 2, 1, 0, 1)","(3, 2, 2, 2, 0, 1)",0.3100827212978399,11.110328043512112,4.112027995194051,0.3103333506200358,9.680988229017242,41.95411804814745,0,5.1884858875706215,Portland
"(5, 1, 2, 1, 1, 1)","(3, 1, 4, 2, 1, 1)",0.2951057421740948,10.827731724400037,10.153967184645001,0.3103333506200358,9.680988229017242,41.95411804814745,0,2.803997737138939,Portland
"(5, 2, 2, 1, 1, 1)","(3, 2, 4, 2, 1, 1)",0.3083184375029791,10.736422366345668,10.145753177791299,0.3103333506200358,9.680988229017242,41.95411804814745,0,4.034779312658371,Portland
"(5, 2, 2, 1, 0, 0)","(3, 2, 4, 1, 0, 0)",0.3083184375029791,11.350071757661107,4.112027995194051,0.3103333506200358,9.680988229017242,41.95411804814745,0,5.251801222233535,Portland
"(4, 1, 2, 1, 1, 1)","(3, 1, 4, 2, 1, 1)",0.3012854588447053,10.872513458225338,10.146543995935936,0.3103333506200358,9.680988229017242,41.95411804814745,0,3.4674934568961984,Portland
"(4, 3, 2, 1, 1, 0)","(3, 3, 3, 1, 1, 0)",0.2937005076980309,10.643689457586301,10.165738625756903,0.3103333506200358,9.680988229017242,41.95411804814745,0,2.4782548786076246,Portland
"(4, 1, 2, 1, 0, 1)","(3, 1, 3, 1, 0, 1)",0.3012854588447053,11.494516196738445,4.112027995194051,0.3103333506200358,9.680988229017242,41.95411804814745,0,4.6929477954834935,Portland
"(4, 1, 2, 1, 1, 1)","(3, 1, 2, 2, 1, 1)",0.3012854588447053,10.872513458225338,10.146543995935936,0.3103333506200358,9.680988229017242,41.95411804814745,0,3.4674934568961984,Portland
"(5, 2, 2, 1, 1, 1)","(3, 2, 2, 1, 1, 1)",0.3083184375029791,10.996093775568408,10.158940541381934,0.3103333506200358,9.680988229017242,41.95411804814745,0,4.293131985522047,Portland
"(5, 3, 2, 1, 0, 0)","(3, 3, 2, 2, 0, 0)",0.30811554273228614,11.327617834901485,4.112027995194051,0.3164923700424988,10.19827743213569,41.95411804814745,0,4.075866677039868,Toronto
"(3, 3, 2, 1, 1, 1)","(3, 3, 4, 1, 1, 1)",0.3165869524514627,11.435538816571269,10.154874618687401,0.3164923700424988,10.19827743213569,41.95411804814745,1,4.426643968277971,Toronto
"(6, 2, 2, 1, 0, 1)","(3, 2, 4, 1, 0, 1)",0.3161420572302762,11.887337520606753,4.112027995194051,0.3164923700424988,10.19827743213569,41.95411804814745,0,5.438237812544144,Toronto
"(4, 3, 2, 1, 1, 1)","(3, 3, 3, 2, 1, 1)",0.29845250023753156,10.899000295434604,10.152560582347487,0.3164923700424988,10.19827743213569,41.95411804814745,0,2.076891629382186,Toronto
"(4, 2, 2, 1, 0, 1)","(3, 2, 2, 1, 0, 1)",0.31044381866509535,11.843565147978708,4.112027995194051,0.3164923700424988,10.19827743213569,41.95411804814745,0,4.824641583398012,Toronto
"(6, 3, 2, 1, 1, 1)","(3, 3, 2, 2, 1, 1)",0.2750995543242625,10.720625273634292,10.165957759251443,0.3164923700424988,10.19827743213569,41.95411804814745,0,-0.43811770143542983,Toronto
"(3, 3, 2, 1, 0, 0)","(3, 3, 3, 2, 0, 0)",0.3165869524514627,11.527572780488661,4.112027995194051,0.3164923700424988,10.19827743213569,41.95411804814745,1,5.122962594544699,Toronto
"(3, 1, 2, 1, 0, 1)","(3, 1, 3, 1, 0, 1)",0.3125552920610039,12.127226409102775,4.112027995194051,0.3164923700424988,10.19827743213569,41.95411804814745,0,5.319450184112935,Toronto
"(3, 3, 2, 1, 0, 0)","(3, 3, 4, 2, 0, 0)",0.3165869524514627,11.527572780488661,4.112027995194051,0.3164923700424988,10.19827743213569,41.95411804814745,1,5.122962594544699,Toronto
"(6, 2, 2, 1, 0, 1)","(3, 2, 3, 2, 0, 1)",0.3161420572302762,11.626028157041096,4.112027995194051,0.3164923700424988,10.19827743213569,41.95411804814745,0,5.1769284489784875,Toronto
"(3, 2, 2, 1, 1, 1)","(3, 2, 2, 1, 1, 1)",0.3164923700424988,11.642660945598497,10.154927121993033,0.3164923700424988,10.19827743213569,41.95411804814745,0,4.624302606078249,Toronto
"(5, 2, 2, 1, 1, 0)","(3, 2, 4, 2, 1, 0)",0.3160410306460837,11.256914150500295,10.145753177791299,0.3164923700424988,10.19827743213569,41.95411804814745,0,4.194339265758709,Toronto
"(3, 3, 2, 1, 0, 0)","(3, 3, 4, 1, 0, 0)",0.3165869524514627,11.788928647506106,4.112027995194051,0.3164923700424988,10.19827743213569,41.95411804814745,1,5.3843184615621436,Toronto
"(5, 2, 2, 1, 0, 0)","(3, 2, 2, 1, 0, 0)",0.3160410306460837,11.880324422541385,4.112027995194051,0.3164923700424988,10.19827743213569,41.95411804814745,0,5.421122056059523,Toronto
"(3, 1, 2, 1, 0, 1)","(3, 1, 2, 2, 0, 1)",0.3125552920610039,11.866146188992975,4.112027995194051,0.3164923700424988,10.19827743213569,41.95411804814745,0,5.058369964003135,Toronto
"(4, 3, 2, 1, 1, 0)","(3, 3, 4, 2, 1, 0)",0.29845250023753156,10.889360181967069,10.152560582347487,0.3164923700424988,10.19827743213569,41.95411804814745,0,2.067251515914651,Toronto
"(5, 2, 2, 1, 0, 0)","(3, 2, 3, 1, 0, 0)",0.3160410306460837,11.880324422541385,4.112027995194051,0.3164923700424988,10.19827743213569,41.95411804814745,0,5.421122056059523,Toronto
"(4, 2, 2, 1, 1, 1)","(3, 2, 3, 1, 1, 1)",0.31044381866509535,11.480727459958075,10.159322795537918,0.3164923700424988,10.19827743213569,41.95411804814745,0,3.8570744153429932,Toronto
"(3, 1, 2, 1, 1, 0)","(3, 1, 3, 2, 1, 0)",0.3125552920610039,11.496581699998721,10.143922721837662,0.3164923700424988,10.19827743213569,41.95411804814745,0,4.085616002344521,Toronto
"(5, 3, 2, 1, 0, 1)","(3, 3, 2, 2, 0, 1)",0.30811554273228614,11.337257948369018,4.112027995194051,0.3164923700424988,10.19827743213569,41.95411804814745,0,4.085506790507401,Toronto
"(6, 1, 2, 1, 1, 0)","(3, 1, 3, 2, 1, 0)",0.2992710386790245,11.318582840054495,10.152518402928461,0.3164923700424988,10.19827743213569,41.95411804814745,0,2.5783322360932726,Toronto
"(6, 2, 2, 1, 1, 1)","(3, 2, 4, 2, 1, 1)",0.3161420572302762,11.264115272336426,10.143909406938555,0.3164923700424988,10.19827743213569,41.95411804814745,0,4.211827423099367,Toronto
"(5, 2, 2, 1, 1, 0)","(3, 2, 4, 1, 1, 0)",0.3160410306460837,11.51750966977011,10.158940541381934,0.3164923700424988,10.19827743213569,41.95411804814745,0,4.45361604866946,Toronto
"(5, 1, 2, 1, 0, 0)","(3, 1, 4, 1, 0, 0)",0.30049989056061754,11.952209874939328,4.112027995194051,0.3164923700424988,10.19827743213569,41.95411804814745,0,3.9388934999108516,Toronto
"(5, 3, 2, 1, 1, 0)","(3, 3, 3, 2, 1, 0)",0.30811554273228614,10.965377201414725,10.149371886640063,0.3164923700424988,10.19827743213569,41.95411804814745,0,3.109891654408508,Toronto
"(3, 3, 2, 1, 0, 0)","(3, 3, 2, 1, 0, 0)",0.3165869524514627,11.788928647506106,4.112027995194051,0.3164923700424988,10.19827743213569,41.95411804814745,1,5.3843184615621436,Toronto
"(5, 2, 2, 1, 1, 0)","(3, 2, 3, 1, 1, 0)",0.3160410306460837,11.51750966977011,10.158940541381934,0.3164923700424988,10.19827743213569,41.95411804814745,0,4.45361604866946,Toronto
"(6, 2, 2, 1, 0, 0)","(3, 2, 2, 1, 0, 0)",0.3161420572302762,11.878500749928179,4.112027995194051,0.3164923700424988,10.19827743213569,41.95411804814745,0,5.42940104186557,Toronto
"(6, 1, 2, 1, 1, 0)","(3, 1, 2, 2, 1, 0)",0.2992710386790245,11.318582840054495,10.152518402928461,0.3164923700424988,10.19827743213569,41.95411804814745,0,2.5783322360932726,Toronto
"(5, 1, 2, 1, 1, 0)","(3, 1, 4, 1, 1, 0)",0.30049989056061754,11.588902956560412,10.167143301509315,0.3164923700424988,10.19827743213569,41.95411804814745,0,2.9700750509004097,Toronto
"(6, 2, 2, 1, 1, 0)","(3, 2, 3, 1, 1, 0)",0.3161420572302762,11.515796472007597,10.157099293870438,0.3164923700424988,10.19827743213569,41.95411804814745,0,4.46218963407735,Toronto
"(4, 2, 2, 1, 1, 1)","(3, 2, 4, 1, 1, 1)",0.31044381866509535,11.480727459958075,10.159322795537918,0.3164923700424988,10.19827743213569,41.95411804814745,0,3.8570744153429932,Toronto
"(5, 3, 2, 1, 0, 1)","(3, 3, 3, 2, 0, 1)",0.30811554273228614,11.337257948369018,4.112027995194051,0.3164923700424988,10.19827743213569,41.95411804814745,0,4.085506790507401,Toronto
"(6, 3, 2, 1, 1, 0)","(3, 3, 4, 1, 1, 0)",0.2750995543242625,10.96871488298094,10.179117443093467,0.3164923700424988,10.19827743213569,41.95411804814745,0,-0.1913440604729848,Toronto
"(5, 3, 2, 1, 1, 1)","(3, 3, 4, 2, 1, 1)",0.30811554273228614,10.975017314882258,10.149371886640063,0.3164923700424988,10.19827743213569,41.95411804814745,0,3.1195317678760413,Toronto
"(6, 3, 2, 1, 0, 0)","(3, 3, 4, 2, 0, 0)",0.2750995543242625,11.0742209460102,4.112027995194051,0.3164923700424988,10.19827743213569,41.95411804814745,0,0.520870947346217,Toronto
"(3, 2, 2, 1, 0, 0)","(3, 2, 2, 1, 0, 0)",0.3164923700424988,11.996819007271236,4.112027995194051,0.3164923700424988,10.19827743213569,41.95411804814745,0,5.582750580430886,Toronto
"(5, 2, 2, 1, 0, 1)","(3, 2, 3, 2, 0, 1)",0.3160410306460837,11.627774432134704,4.112027995194051,0.3164923700424988,10.19827743213569,41.95411804814745,0,5.1685720656528416,Toronto
"(3, 3, 2, 1, 0, 1)","(3, 3, 2, 1, 0, 1)",0.3165869524514627,11.79810961398087,4.112027995194051,0.3164923700424988,10.19827743213569,41.95411804814745,1,5.3934994280369075,Toronto
"(6, 1, 2, 1, 0, 1)","(3, 1, 3, 1, 0, 1)",0.2992710386790245,11.949210051629986,4.112027995194051,0.3164923700424988,10.19827743213569,41.95411804814745,0,3.813008488442205,Toronto
"(5, 1, 2, 1, 0, 1)","(3, 1, 2, 2, 0, 1)",0.30049989056061754,11.699958048444662,4.112027995194051,0.3164923700424988,10.19827743213569,41.95411804814745,0,3.6866416734161858,Toronto
"(5, 2, 2, 1, 1, 0)","(3, 2, 4, 1, 1, 0)",0.3160410306460837,11.51750966977011,10.158940541381934,0.3164923700424988,10.19827743213569,41.95411804814745,0,4.45361604866946,Toronto
"(3, 2, 2, 1, 1, 1)","(3, 2, 4, 2, 1, 1)",0.3164923700424988,11.382103085601218,10.141734258757555,0.3164923700424988,10.19827743213569,41.95411804814745,0,4.365064032404517,Toronto
"(4, 3, 2, 1, 1, 1)","(3, 3, 2, 2, 1, 1)",0.29845250023753156,10.899000295434604,10.152560582347487,0.3164923700424988,10.19827743213569,41.95411804814745,0,2.076891629382186,Toronto
"(4, 1, 2, 1, 1, 0)","(3, 1, 3, 2, 1, 0)",0.3062666039411321,11.370937064645965,10.146543995935936,0.3164923700424988,10.19827743213569,41.95411804814745,0,3.3308404275947545,Toronto
"(4, 1, 2, 1, 1, 1)","(3, 1, 4, 1, 1, 1)",0.3062666039411321,11.638795891307712,10.159730277099715,0.3164923700424988,10.19827743213569,41.95411804814745,0,3.597380626140124,Toronto
"(5, 2, 2, 1, 0, 0)","(3, 2, 3, 2, 0, 0)",0.3160410306460837,11.61893766145613,4.112027995194051,0.3164923700424988,10.19827743213569,41.95411804814745,0,5.159735294974268,Toronto
"(4, 2, 2, 1, 0, 1)","(3, 2, 3, 2, 0, 1)",0.31044381866509535,11.58263142192338,4.112027995194051,0.3164923700424988,10.19827743213569,41.95411804814745,0,4.563707857342685,Toronto
"(3, 1, 2, 1, 0, 0)","(3, 1, 2, 1, 0, 0)",0.3125552920610039,12.11957560370714,4.112027995194051,0.3164923700424988,10.19827743213569,41.95411804814745,0,5.311799378717301,Toronto
"(3, 1, 2, 1, 0, 1)","(3, 1, 3, 2, 0, 1)",0.3125552920610039,11.866146188992975,4.112027995194051,0.3164923700424988,10.19827743213569,41.95411804814745,0,5.058369964003135,Toronto
"(5, 3, 2, 1, 0, 1)","(3, 3, 3, 1, 0, 1)",0.30811554273228614,11.598092880457207,4.112027995194051,0.3164923700424988,10.19827743213569,41.95411804814745,0,4.34634172259559,Toronto
"(6, 2, 2, 1, 0, 1)","(3, 2, 2, 2, 0, 1)",0.3161420572302762,11.626028157041096,4.112027995194051,0.3164923700424988,10.19827743213569,41.95411804814745,0,5.1769284489784875,Toronto
"(5, 1, 2, 1, 1, 1)","(3, 1, 4, 2, 1, 1)",0.30049989056061754,11.337441697077605,10.153967184645001,0.3164923700424988,10.19827743213569,41.95411804814745,0,2.7199314031040336,Toronto
"(5, 2, 2, 1, 1, 1)","(3, 2, 4, 2, 1, 1)",0.3160410306460837,11.265750921178867,10.145753177791299,0.3164923700424988,10.19827743213569,41.95411804814745,0,4.203176036437281,Toronto
"(5, 2, 2, 1, 0, 0)","(3, 2, 4, 1, 0, 0)",0.3160410306460837,11.880324422541385,4.112027995194051,0.3164923700424988,10.19827743213569,41.95411804814745,0,5.421122056059523,Toronto
"(4, 1, 2, 1, 1, 1)","(3, 1, 4, 2, 1, 1)",0.3062666039411321,11.378970492535576,10.146543995935936,0.3164923700424988,10.19827743213569,41.95411804814745,0,3.3388738554843655,Toronto
"(4, 3, 2, 1, 1, 0)","(3, 3, 3, 1, 1, 0)",0.29845250023753156,11.148678469201268,10.165738625756903,0.3164923700424988,10.19827743213569,41.95411804814745,0,2.325251998807909,Toronto
"(4, 1, 2, 1, 0, 1)","(3, 1, 3, 1, 0, 1)",0.3062666039411321,12.00165802822205,4.112027995194051,0.3164923700424988,10.19827743213569,41.95411804814745,0,4.565012991245028,Toronto
"(4, 1, 2, 1, 1, 1)","(3, 1, 2, 2, 1, 1)",0.3062666039411321,11.378970492535576,10.146543995935936,0.3164923700424988,10.19827743213569,41.95411804814745,0,3.3388738554843655,Toronto
"(5, 2, 2, 1, 1, 1)","(3, 2, 2, 1, 1, 1)",0.3160410306460837,11.526346440448684,10.158940541381934,0.3164923700424988,10.19827743213569,41.95411804814745,0,4.462452819348034,Toronto
