site,seed,policy,seasons,step,marker,year,phase,i_expansion,mu_size,compete_local,n_star_fa,bidding_intensity,travel_fatigue,leverage,cash_flow,cash_flow_cum,cash,franchise_value,debt,owner_share,terminal_value,win_pct,elo,syn,a_roster,a_salary,a_ticket,a_marketing,a_debt,a_equity
Columbus,0,baseline,0,1,offseason_decision,2025,offseason,0,0.6148457972183027,0,3,5.0,0.0,0.2,0.0,0.0,5.0,335.0,67.0,1.0,268.0,0.545,1488.4828510831296,-4.241364390609727,3,2,2,1,2,0
Columbus,0,baseline,1,4,season_end,2026,offseason,1,0.6038457972183027,1,0,6.591126133316471,0.0784,0.18641103100690656,17.671588824230675,75.07089157883459,80.07089157883459,359.4207898432665,67.0,1.0,292.4207898432665,0.29904814030471194,1469.190844564497,-2.08613092937585,3,2,2,1,2,0
Columbus,0,baseline,1,5,offseason_decision,2026,offseason,1,0.6038457972183027,1,0,6.591126133316471,0.0784,0.18641103100690656,17.671588824230675,75.07089157883459,80.07089157883459,359.4207898432665,67.0,1.0,292.4207898432665,0.29904814030471194,1469.190844564497,-2.08613092937585,3,2,2,1,2,0
Columbus,0,baseline,2,8,season_end,2027,offseason,0,0.6038457972183027,1,0,6.7295181690244945,0.0784,0.1541195531663493,16.152425350383172,128.07208710168243,133.07208710168243,434.72744777350476,67.0,1.0,367.72744777350476,0.19975511163040482,1449.0906765375682,-1.942932688541538,3,2,2,1,2,0
Columbus,0,baseline,2,9,offseason_decision,2027,offseason,0,0.6038457972183027,1,0,6.7295181690244945,0.0784,0.1541195531663493,16.152425350383172,128.07208710168243,133.07208710168243,434.72744777350476,67.0,1.0,367.72744777350476,0.19975511163040482,1449.0906765375682,-1.942932688541538,3,2,2,1,2,0
Columbus,0,baseline,3,12,season_end,2028,offseason,0,0.6038457972183027,1,1,7.559671991574587,0.0784,0.14072691965716633,11.587385635645045,182.25945834948882,187.25945834948882,476.09938569836464,67.0,1.0,409.09938569836464,0.1840453105782212,1431.4577312310664,-2.040124346439193,3,2,2,1,2,0
Columbus,0,aggressive,0,1,offseason_decision,2025,offseason,0,0.6148457972183027,0,3,5.0,0.0,0.2,0.0,0.0,5.0,335.0,67.0,1.0,268.0,0.545,1488.4828510831296,-4.241364390609727,6,5,6,3,4,0
Columbus,0,aggressive,1,4,season_end,2026,offseason,1,0.6038457972183027,1,0,6.591126133316471,0.0784,0.4947061298977672,9.700198924469618,55.63428455065066,173.2214525675677,363.01787498373903,179.58716801691702,1.0,183.43070696682202,0.24406094708090872,1464.326477057427,-3.210853870699367,6,5,6,3,4,0
Columbus,0,aggressive,1,5,offseason_decision,2026,offseason,1,0.6038457972183027,1,0,6.591126133316471,0.0784,0.4947061298977672,9.700198924469618,55.63428455065066,173.2214525675677,363.01787498373903,179.58716801691702,1.0,183.43070696682202,0.24406094708090872,1464.326477057427,-3.210853870699367,6,5,6,3,2,0
Columbus,0,aggressive,2,8,season_end,2027,offseason,0,0.6038457972183027,1,0,6.7295181690244945,0.0784,0.4159884319630566,5.9668221400880554,61.06885977745138,178.65602779436844,431.71192806838894,179.58716801691702,1.0,252.12476005147192,0.11767528231912616,1438.2403170051416,-3.0676556298650546,6,5,6,3,2,0
Columbus,0,aggressive,2,9,offseason_decision,2027,offseason,0,0.6038457972183027,1,0,6.7295181690244945,0.0784,0.4159884319630566,5.9668221400880554,61.06885977745138,178.65602779436844,431.71192806838894,179.58716801691702,1.0,252.12476005147192,0.11767528231912616,1438.2403170051416,-3.0676556298650546,6,5,6,3,2,0
Columbus,0,aggressive,3,12,season_end,2028,offseason,0,0.6038457972183027,1,1,7.559671991574587,0.0784,0.38886504307306424,-0.9838700063956836,69.96225924639609,187.54942726331313,461.8238929313433,179.58716801691702,1.0,282.2367249144263,0.08817800525342162,1415.1224084075307,-3.164847287762709,6,5,6,3,2,0
Columbus,0,defensive,0,1,offseason_decision,2025,offseason,0,0.6148457972183027,0,3,5.0,0.0,0.2,0.0,0.0,5.0,335.0,67.0,1.0,268.0,0.545,1488.4828510831296,-4.241364390609727,3,1,2,3,1,0
Columbus,0,defensive,1,4,season_end,2026,offseason,1,0.6038457972183027,1,0,6.591126133316471,0.0784,0.02854791725590681,19.025952522345396,75.40860277016989,23.93207516324416,368.62487370762096,10.523472393074261,1.0,358.1014013145467,0.2926414696040174,1468.6104561231,-2.159274173842885,3,1,2,3,1,0
Columbus,0,defensive,1,5,offseason_decision,2026,offseason,1,0.6038457972183027,1,0,6.591126133316471,0.0784,0.02854791725590681,19.025952522345396,75.40860277016989,23.93207516324416,368.62487370762096,10.523472393074261,1.0,358.1014013145467,0.2926414696040174,1468.6104561231,-2.159274173842885,3,1,2,3,1,0
Columbus,0,defensive,2,8,season_end,2027,offseason,0,0.6038457972183027,1,0,6.7295181690244945,0.0784,0.0,19.024642409796513,143.52840582594274,81.52840582594276,455.76978571213806,0.0,1.0,455.76978571213806,0.19064533138127193,1447.8827690444186,-2.0160759330085734,3,1,2,3,1,0
Columbus,0,defensive,2,9,offseason_decision,2027,offseason,0,0.6038457972183027,1,0,6.7295181690244945,0.0784,0.0,19.024642409796513,143.52840582594274,81.52840582594276,455.76978571213806,0.0,1.0,455.76978571213806,0.19064533138127193,1447.8827690444186,-2.0160759330085734,3,1,2,3,1,0
Columbus,0,defensive,3,12,season_end,2028,offseason,0,0.6038457972183027,1,1,7.559671991574587,0.0784,0.0,15.976056453087827,212.36795955825932,150.36795955825932,510.22291913485554,0.0,1.0,510.22291913485554,0.17437056410226343,1429.716301286297,-2.1132675909062275,3,1,2,3,1,0
Columbus,0,ppo,0,1,offseason_decision,2025,offseason,0,0.6148457972183027,0,3,5.0,0.0,0.2,0.0,0.0,5.0,335.0,67.0,1.0,268.0,0.545,1488.4828510831296,-4.241364390609727,2,5,0,0,4,0
Columbus,0,ppo,1,4,season_end,2026,offseason,1,0.6038457972183027,1,0,6.591126133316471,0.0784,0.5067151640770209,11.586665614443572,62.6799414244051,178.77042594875562,351.4607360305497,178.09048452435053,1.0,173.37025150619917,0.2666090291037456,1466.2961620522517,-2.6271654087747347,2,5,0,0,4,0
Columbus,0,ppo,1,5,offseason_decision,2026,offseason,1,0.6038457972183027,1,0,6.591126133316471,0.0784,0.5067151640770209,11.586665614443572,62.6799414244051,178.77042594875562,351.4607360305497,178.09048452435053,1.0,173.37025150619917,0.2666090291037456,1466.2961620522517,-2.6271654087747347,4,5,0,0,1,0
Columbus,0,ppo,2,8,season_end,2027,offseason,0,0.6038457972183027,1,0,6.7295181690244945,0.0784,0.2848925086363373,10.720604222544834,81.38930718835466,136.26417253831383,410.24197480443,116.87486534995915,1.0,293.3671094544709,0.14384381060337775,1442.6062447203244,-3.148314939853563,6,5,0,0,1,0
Columbus,0,ppo,2,9,offseason_decision,2027,offseason,0,0.6038457972183027,1,0,6.7295181690244945,0.0784,0.2848925086363373,10.720604222544834,81.38930718835466,136.26417253831383,410.24197480443,116.87486534995915,1.0,293.3671094544709,0.14384381060337775,1442.6062447203244,-3.148314939853563,6,1,3,0,3,0
Columbus,0,ppo,3,12,season_end,2028,offseason,0,0.6038457972183027,1,1,7.559671991574587,0.0784,0.4201032892913714,1.7147012490146594,110.59148136608351,228.41612514260808,428.0486450840508,179.82464377652457,1.0,248.22400130752624,0.1045530675028761,1420.2723276407955,-3.18084855796112,5,5,3,0,3,0
Columbus,1,baseline,0,1,offseason_decision,2025,offseason,0,0.6148457972183027,0,3,5.0,0.0,0.2,0.0,0.0,5.0,335.0,67.0,1.0,268.0,0.545,1488.4828510831296,-4.241364390609727,3,2,2,1,2,0
Columbus,1,baseline,1,4,season_end,2026,offseason,1,0.6038457972183027,1,0,8.258739799935874,0.0784,0.183787985930161,18.04449649608705,76.08385231356586,81.08385231356586,364.5504882210301,67.0,1.0,297.5504882210301,0.3356710778288208,1471.813290975986,-2.0257300870442636,3,2,2,1,2,0
Columbus,1,baseline,1,5,offseason_decision,2026,offseason,1,0.6038457972183027,1,0,8.258739799935874,0.0784,0.183787985930161,18.04449649608705,76.08385231356586,81.08385231356586,364.5504882210301,67.0,1.0,297.5504882210301,0.3356710778288208,1471.813290975986,-2.0257300870442636,3,2,2,1,2,0
Columbus,1,baseline,2,8,season_end,2027,offseason,0,0.6038457972183027,1,0,7.076739157519347,0.0784,0.1398598974373942,11.942939318982594,146.52742853341064,151.52742853341064,479.05083034964593,67.0,1.0,412.05083034964593,0.23761019698570512,1453.635796605518,-2.029977051063036,3,2,2,1,2,0
Columbus,1,baseline,2,9,offseason_decision,2027,offseason,0,0.6038457972183027,1,0,7.076739157519347,0.0784,0.1398598974373942,11.942939318982594,146.52742853341064,151.52742853341064,479.05083034964593,67.0,1.0,412.05083034964593,0.23761019698570512,1453.635796605518,-2.029977051063036,3,2,2,1,2,0
Columbus,1,baseline,3,12,season_end,2028,offseason,0,0.6038457972183027,1,0,6.804615336695252,0.0784,0.12821267502722178,16.486412286898382,197.71709622162598,202.71709622162598,522.569238850798,67.0,1.0,455.569238850798,0.2214506521271274,1437.6689228058935,-2.015409646087405,3,2,2,1,2,0
Columbus,1,aggressive,0,1,offseason_decision,2025,offseason,0,0.6148457972183027,0,3,5.0,0.0,0.2,0.0,0.0,5.0,335.0,67.0,1.0,268.0,0.545,1488.4828510831296,-4.241364390609727,6,5,6,3,4,0
Columbus,1,aggressive,1,4,season_end,2026,offseason,1,0.6038457972183027,1,0,8.258739799935874,0.0784,0.4921601892035354,9.748033349379618,56.037601644740356,173.85264131072748,365.3587665369327,179.81503966598711,1.0,185.5437268709456,0.2538290373643363,1464.6770557285884,-3.1504530283677803,6,5,6,3,4,0
Columbus,1,aggressive,1,5,offseason_decision,2026,offseason,1,0.6038457972183027,1,0,8.258739799935874,0.0784,0.4921601892035354,9.748033349379618,56.037601644740356,173.85264131072748,365.3587665369327,179.81503966598711,1.0,185.5437268709456,0.2538290373643363,1464.6770557285884,-3.1504530283677803,6,5,6,3,2,0
Columbus,1,aggressive,2,8,season_end,2027,offseason,0,0.6038457972183027,1,0,7.076739157519347,0.0784,0.3820980978411645,-0.08262823516346529,84.8426990504836,202.65773871647073,470.59914896706704,179.81503966598711,1.0,290.7841093010799,0.14755631588841456,1441.4842315129215,-3.1546999923865524,6,5,6,3,2,0
Columbus,1,aggressive,2,9,offseason_decision,2027,offseason,0,0.6038457972183027,1,0,7.076739157519347,0.0784,0.3820980978411645,-0.08262823516346529,84.8426990504836,202.65773871647073,470.59914896706704,179.81503966598711,1.0,290.7841093010799,0.14755631588841456,1441.4842315129215,-3.1546999923865524,6,5,6,3,2,0
Columbus,1,aggressive,3,12,season_end,2028,offseason,0,0.6038457972183027,1,0,6.804615336695252,0.0784,0.36008384527809967,6.016980367705401,89.21433847135492,207.02937813734206,499.3699162680084,179.81503966598711,1.0,319.5548766020213,0.11841555124704851,1419.7253641417449,-3.140132587410922,6,5,6,3,2,0
Columbus,1,defensive,0,1,offseason_decision,2025,offseason,0,0.6148457972183027,0,3,5.0,0.0,0.2,0.0,0.0,5.0,335.0,67.0,1.0,268.0,0.545,1488.4828510831296,-4.241364390609727,3,1,2,3,1,0
Columbus,1,defensive,1,4,season_end,2026,offseason,1,0.6038457972183027,1,0,8.258739799935874,0.0784,0.027712199423761026,19.383829334725192,76.3863636022317,24.744757879451996,373.78463249433696,10.358394277220292,1.0,363.4262382171167,0.3283777869664858,1471.1669000256434,-2.0988733315112986,3,1,2,3,1,0
Columbus,1,defensive,1,5,offseason_decision,2026,offseason,1,0.6038457972183027,1,0,8.258739799935874,0.0784,0.027712199423761026,19.383829334725192,76.3863636022317,24.744757879451996,373.78463249433696,10.358394277220292,1.0,363.4262382171167,0.3283777869664858,1471.1669000256434,-2.0988733315112986,3,1,2,3,1,0
Columbus,1,defensive,2,8,season_end,2027,offseason,0,0.6038457972183027,1,0,7.076739157519347,0.0784,0.0,16.333805648946655,157.61370025064872,95.6137002506487,501.93819013961894,0.0,1.0,501.93819013961894,0.2285919309877965,1452.4411643378196,-2.103120295530071,3,1,2,3,1,0
Columbus,1,defensive,2,9,offseason_decision,2027,offseason,0,0.6038457972183027,1,0,7.076739157519347,0.0784,0.0,16.333805648946655,157.61370025064872,95.6137002506487,501.93819013961894,0.0,1.0,501.93819013961894,0.2285919309877965,1452.4411643378196,-2.103120295530071,3,1,2,3,1,0
Columbus,1,defensive,3,12,season_end,2028,offseason,0,0.6038457972183027,1,0,6.804615336695252,0.0784,0.0,19.338647648947855,224.8675845012403,162.86758450124023,559.6962677822124,0.0,1.0,559.6962677822124,0.21152560522445926,1435.917931967297,-2.08855289055444,3,1,2,3,1,0
Columbus,1,ppo,0,1,offseason_decision,2025,offseason,0,0.6148457972183027,0,3,5.0,0.0,0.2,0.0,0.0,5.0,335.0,67.0,1.0,268.0,0.545,1488.4828510831296,-4.241364390609727,5,5,0,0,4,0
Columbus,1,ppo,1,4,season_end,2026,offseason,1,0.6038457972183027,1,0,8.258739799935874,0.0784,0.5061400376899274,10.996303271366493,60.75876833815402,176.93827857503683,352.0359919561225,178.17951023688283,1.0,173.85648171923964,0.26307951323483475,1465.395841730002,-2.9380381533961857,5,5,0,0,4,0
Columbus,1,ppo,1,5,offseason_decision,2026,offseason,1,0.6038457972183027,1,0,8.258739799935874,0.0784,0.5061400376899274,10.996303271366493,60.75876833815402,176.93827857503683,352.0359919561225,178.17951023688283,1.0,173.85648171923964,0.26307951323483475,1465.395841730002,-2.9380381533961857,4,5,0,0,1,0
Columbus,1,ppo,2,8,season_end,2027,offseason,0,0.6038457972183027,1,0,7.076739157519347,0.0784,0.2600966844139143,5.118217392334248,101.855121202612,154.15758984339246,439.4614598734411,114.30246864078046,1.0,325.1589912326606,0.1609093122542419,1443.0972661131746,-2.9266230901055312,5,5,0,0,1,0
Columbus,1,ppo,2,9,offseason_decision,2027,offseason,0,0.6038457972183027,1,0,7.076739157519347,0.0784,0.2600966844139143,5.118217392334248,101.855121202612,154.15758984339246,439.4614598734411,114.30246864078046,1.0,325.1589912326606,0.1609093122542419,1443.0972661131746,-2.9266230901055312,6,5,0,0,1,0
Columbus,1,ppo,3,12,season_end,2028,offseason,0,0.6038457972183027,1,0,6.804615336695252,0.0784,0.10741003866276179,14.800439282555098,139.2642524508138,125.65532866928125,450.5265692194961,48.3910762184675,1.0,402.1354930010286,0.12342814358891083,1421.3145418144347,-3.140132587410922,6,5,0,0,1,0
StLouis,0,baseline,0,1,offseason_decision,2025,offseason,0,0.6148457972183027,0,3,5.0,0.0,0.2,0.0,0.0,5.0,335.0,67.0,1.0,268.0,0.545,1488.4828510831296,-4.241364390609727,3,2,2,1,2,0
StLouis,0,baseline,1,4,season_end,2026,offseason,1,0.6111457972183026,1,0,6.591126133316471,0.1062,0.18641103100690656,17.671588824230675,75.07089157883459,80.07089157883459,359.4207898432665,67.0,1.0,292.4207898432665,0.29904814030471194,1469.190844564497,-2.08613092937585,3,2,2,1,2,0
StLouis,0,baseline,1,5,offseason_decision,2026,offseason,1,0.6111457972183026,1,0,6.591126133316471,0.1062,0.18641103100690656,17.671588824230675,75.07089157883459,80.07089157883459,359.4207898432665,67.0,1.0,292.4207898432665,0.29904814030471194,1469.190844564497,-2.08613092937585,3,2,2,1,2,0
StLouis,0,baseline,2,8,season_end,2027,offseason,0,0.6111457972183026,1,0,6.7295181690244945,0.1062,0.15379229235886446,16.245575705888527,128.43417775791647,133.43417775791647,435.65252180297693,67.0,1.0,368.65252180297693,0.19809379016717155,1448.9384933438998,-1.942932688541538,3,2,2,1,2,0
StLouis,0,baseline,2,9,offseason_decision,2027,offseason,0,0.6111457972183026,1,0,6.7295181690244945,0.1062,0.15379229235886446,16.245575705888527,128.43417775791647,133.43417775791647,435.65252180297693,67.0,1.0,368.65252180297693,0.19809379016717155,1448.9384933438998,-1.942932688541538,3,2,2,1,2,0
StLouis,0,baseline,3,12,season_end,2028,offseason,0,0.6111457972183026,1,1,7.559671991574587,0.1062,0.1405198556528239,11.702232695241474,183.06572773308537,188.06572773308537,476.8009452381867,67.0,1.0,409.8009452381867,0.18339103992930192,1431.3038828177164,-2.040124346439193,3,2,2,1,2,0
StLouis,0,aggressive,0,1,offseason_decision,2025,offseason,0,0.6148457972183027,0,3,5.0,0.0,0.2,0.0,0.0,5.0,335.0,67.0,1.0,268.0,0.545,1488.4828510831296,-4.241364390609727,6,5,6,3,4,0
StLouis,0,aggressive,1,4,season_end,2026,offseason,1,0.6111457972183026,1,0,6.591126133316471,0.1062,0.4947061298977672,9.700198924469618,55.63428455065066,173.2214525675677,363.01787498373903,179.58716801691702,1.0,183.43070696682202,0.24406094708090872,1464.326477057427,-3.210853870699367,6,5,6,3,4,0
StLouis,0,aggressive,1,5,offseason_decision,2026,offseason,1,0.6111457972183026,1,0,6.591126133316471,0.1062,0.4947061298977672,9.700198924469618,55.63428455065066,173.2214525675677,363.01787498373903,179.58716801691702,1.0,183.43070696682202,0.24406094708090872,1464.326477057427,-3.210853870699367,6,5,6,3,2,0
StLouis,0,aggressive,2,8,season_end,2027,offseason,0,0.6111457972183026,1,0,6.7295181690244945,0.1062,0.4148941225979978,6.070748741059269,61.44005984470789,179.02722786162494,432.8505954540212,179.58716801691702,1.0,253.26342743710416,0.11752726752389793,1438.2263939987886,-3.0676556298650546,6,5,6,3,2,0
StLouis,0,aggressive,2,9,offseason_decision,2027,offseason,0,0.6111457972183026,1,0,6.7295181690244945,0.1062,0.4148941225979978,6.070748741059269,61.44005984470789,179.02722786162494,432.8505954540212,179.58716801691702,1.0,253.26342743710416,0.11752726752389793,1438.2263939987886,-3.0676556298650546,6,5,6,3,2,0
StLouis,0,aggressive,3,12,season_end,2028,offseason,0,0.6111457972183026,1,1,7.559671991574587,0.1062,0.38786424414339427,-0.8661299204332664,70.80962254003776,188.39679055695484,463.0155285737637,179.58716801691702,1.0,283.42836055684666,0.08812412940975534,1415.1087450705627,-3.164847287762709,6,5,6,3,2,0
StLouis,0,defensive,0,1,offseason_decision,2025,offseason,0,0.6148457972183027,0,3,5.0,0.0,0.2,0.0,0.0,5.0,335.0,67.0,1.0,268.0,0.545,1488.4828510831296,-4.241364390609727,3,1,2,3,1,0
StLouis,0,defensive,1,4,season_end,2026,offseason,1,0.6111457972183026,1,0,6.591126133316471,0.1062,0.02854791725590681,19.025952522345396,75.40860277016989,23.93207516324416,368.62487370762096,10.523472393074261,1.0,358.1014013145467,0.2926414696040174,1468.6104561231,-2.159274173842885,3,1,2,3,1,0
StLouis,0,defensive,1,5,offseason_decision,2026,offseason,1,0.6111457972183026,1,0,6.591126133316471,0.1062,0.02854791725590681,19.025952522345396,75.40860277016989,23.93207516324416,368.62487370762096,10.523472393074261,1.0,358.1014013145467,0.2926414696040174,1468.6104561231,-2.159274173842885,3,1,2,3,1,0
StLouis,0,defensive,2,8,season_end,2027,offseason,0,0.6111457972183026,1,0,6.7295181690244945,0.1062,0.0,19.113515294370558,143.87331461563662,81.87331461563662,456.7459241121085,0.0,1.0,456.7459241121085,0.18906101628917885,1447.7376343657136,-2.0160759330085734,3,1,2,3,1,0
StLouis,0,defensive,2,9,offseason_decision,2027,offseason,0,0.6111457972183026,1,0,6.7295181690244945,0.1062,0.0,19.113515294370558,143.87331461563662,81.87331461563662,456.7459241121085,0.0,1.0,456.7459241121085,0.18906101628917885,1447.7376343657136,-2.0160759330085734,3,1,2,3,1,0
StLouis,0,defensive,3,12,season_end,2028,offseason,0,0.6111457972183026,1,1,7.559671991574587,0.1062,0.0,16.086643615248835,213.14271359164323,151.14271359164323,510.9996556099362,0.0,1.0,510.9996556099362,0.17375032587032485,1429.5699142770627,-2.1132675909062275,3,1,2,3,1,0
StLouis,0,ppo,0,1,offseason_decision,2025,offseason,0,0.6148457972183027,0,3,5.0,0.0,0.2,0.0,0.0,5.0,335.0,67.0,1.0,268.0,0.545,1488.4828510831296,-4.241364390609727,2,5,4,2,4,0
StLouis,0,ppo,1,4,season_end,2026,offseason,1,0.6111457972183026,1,0,6.591126133316471,0.1062,0.5039094804983684,11.932939118468756,62.64562635051054,179.30915855004187,354.5548141361271,178.66353219953135,1.0,175.89128193659576,0.2666090291037456,1466.2961620522517,-2.6271654087747347,2,5,4,0,4,0
StLouis,0,ppo,1,5,offseason_decision,2026,offseason,1,0.6111457972183026,1,0,6.591126133316471,0.1062,0.5039094804983684,11.932939118468756,62.64562635051054,179.30915855004187,354.5548141361271,178.66353219953135,1.0,175.89128193659576,0.2666090291037456,1466.2961620522517,-2.6271654087747347,2,5,2,0,1,0
StLouis,0,ppo,2,8,season_end,2027,offseason,0,0.6111457972183026,1,0,6.7295181690244945,0.1062,0.2828877460654039,10.951414671959574,83.11887628918753,138.0543346752625,413.363463113879,116.93545838607496,1.0,296.428004727804,0.13939797309256258,1441.8495546822373,-2.7681208626674243,5,5,2,0,1,0
StLouis,0,ppo,2,9,offseason_decision,2027,offseason,0,0.6111457972183026,1,0,6.7295181690244945,0.1062,0.2828877460654039,10.951414671959574,83.11887628918753,138.0543346752625,413.363463113879,116.93545838607496,1.0,296.428004727804,0.13939797309256258,1441.8495546822373,-2.7681208626674243,6,0,6,2,4,0
StLouis,0,ppo,3,12,season_end,2028,offseason,0,0.6111457972183026,1,1,7.559671991574587,0.1062,0.5630731196275786,-2.6943177307502495,103.23855787178701,285.7244435693357,434.19917800241234,244.4858856975486,1.0,189.71329230486373,0.09842316139113974,1418.834594748086,-3.104280196043494,2,5,6,0,4,0
StLouis,1,baseline,0,1,offseason_decision,2025,offseason,0,0.6148457972183027,0,3,5.0,0.0,0.2,0.0,0.0,5.0,335.0,67.0,1.0,268.0,0.545,1488.4828510831296,-4.241364390609727,3,2,2,1,2,0
StLouis,1,baseline,1,4,season_end,2026,offseason,1,0.6111457972183026,1,0,8.258739799935874,0.1062,0.183787985930161,18.04449649608705,76.08385231356586,81.08385231356586,364.5504882210301,67.0,1.0,297.5504882210301,0.3356710778288208,1471.813290975986,-2.0257300870442636,3,2,2,1,2,0
StLouis,1,baseline,1,5,offseason_decision,2026,offseason,1,0.6111457972183026,1,0,8.258739799935874,0.1062,0.183787985930161,18.04449649608705,76.08385231356586,81.08385231356586,364.5504882210301,67.0,1.0,297.5504882210301,0.3356710778288208,1471.813290975986,-2.0257300870442636,3,2,2,1,2,0
StLouis,1,baseline,2,8,season_end,2027,offseason,0,0.6111457972183026,1,0,7.076739157519347,0.1062,0.1395580492136003,12.021297293734577,146.99331194627962,151.99331194627962,480.0869629343506,67.0,1.0,413.0869629343506,0.2359655130629683,1453.4955985953886,-2.029977051063036,3,2,2,1,2,0
StLouis,1,baseline,2,9,offseason_decision,2027,offseason,0,0.6111457972183026,1,0,7.076739157519347,0.1062,0.1395580492136003,12.021297293734577,146.99331194627962,151.99331194627962,480.0869629343506,67.0,1.0,413.0869629343506,0.2359655130629683,1453.4955985953886,-2.029977051063036,3,2,2,1,2,0
StLouis,1,baseline,3,12,season_end,2028,offseason,0,0.6111457972183026,1,0,6.804615336695252,0.1062,0.1280191289342289,16.626313803753924,198.6286417668936,203.6286417668936,523.359286676774,67.0,1.0,456.359286676774,0.22080551254438968,1437.52694817145,-2.015409646087405,3,2,2,1,2,0
StLouis,1,aggressive,0,1,offseason_decision,2025,offseason,0,0.6148457972183027,0,3,5.0,0.0,0.2,0.0,0.0,5.0,335.0,67.0,1.0,268.0,0.545,1488.4828510831296,-4.241364390609727,6,5,6,3,4,0
StLouis,1,aggressive,1,4,season_end,2026,offseason,1,0.6111457972183026,1,0,8.258739799935874,0.1062,0.4921601892035354,9.748033349379618,56.037601644740356,173.85264131072748,365.3587665369327,179.81503966598711,1.0,185.5437268709456,0.2538290373643363,1464.6770557285884,-3.1504530283677803,6,5,6,3,4,0
StLouis,1,aggressive,1,5,offseason_decision,2026,offseason,1,0.6111457972183026,1,0,8.258739799935874,0.1062,0.4921601892035354,9.748033349379618,56.037601644740356,173.85264131072748,365.3587665369327,179.81503966598711,1.0,185.5437268709456,0.2538290373643363,1464.6770557285884,-3.1504530283677803,6,5,6,3,2,0
StLouis,1,aggressive,2,8,season_end,2027,offseason,0,0.6111457972183026,1,0,7.076739157519347,0.1062,0.3811583190713824,-0.0011212811353438212,85.29557582672837,203.11061549271548,471.7594518311216,179.81503966598711,1.0,291.9444121651345,0.14683989066903494,1441.4269195998984,-3.1546999923865524,6,5,6,3,2,0
StLouis,1,aggressive,2,9,offseason_decision,2027,offseason,0,0.6111457972183026,1,0,7.076739157519347,0.1062,0.3811583190713824,-0.0011212811353438212,85.29557582672837,203.11061549271548,471.7594518311216,179.81503966598711,1.0,291.9444121651345,0.14683989066903494,1441.4269195998984,-3.1546999923865524,6,5,6,3,2,0
StLouis,1,aggressive,3,12,season_end,2028,offseason,0,0.6111457972183026,1,0,6.804615336695252,0.1062,0.35929840520497147,6.154079798824192,90.12068880088938,207.9357284668765,500.4615580283658,179.81503966598711,1.0,320.6465183623787,0.11815451151115233,1419.6689046949714,-3.140132587410922,6,5,6,3,2,0
StLouis,1,defensive,0,1,offseason_decision,2025,offseason,0,0.6148457972183027,0,3,5.0,0.0,0.2,0.0,0.0,5.0,335.0,67.0,1.0,268.0,0.545,1488.4828510831296,-4.241364390609727,3,1,2,3,1,0
StLouis,1,defensive,1,4,season_end,2026,offseason,1,0.6111457972183026,1,0,8.258739799935874,0.1062,0.027712199423761026,19.383829334725192,76.3863636022317,24.744757879451996,373.78463249433696,10.358394277220292,1.0,363.4262382171167,0.3283777869664858,1471.1669000256434,-2.0988733315112986,3,1,2,3,1,0
StLouis,1,defensive,1,5,offseason_decision,2026,offseason,1,0.6111457972183026,1,0,8.258739799935874,0.1062,0.027712199423761026,19.383829334725192,76.3863636022317,24.744757879451996,373.78463249433696,10.358394277220292,1.0,363.4262382171167,0.3283777869664858,1471.1669000256434,-2.0988733315112986,3,1,2,3,1,0
StLouis,1,defensive,2,8,season_end,2027,offseason,0,0.6111457972183026,1,0,7.076739157519347,0.1062,0.0,16.408345808150504,158.05878292432482,96.05878292432482,503.0289321948588,0.0,1.0,503.0289321948588,0.22701485690566164,1452.307133180674,-2.103120295530071,3,1,2,3,1,0
StLouis,1,defensive,2,9,offseason_decision,2027,offseason,0,0.6111457972183026,1,0,7.076739157519347,0.1062,0.0,16.408345808150504,158.05878292432482,96.05878292432482,503.0289321948588,0.0,1.0,503.0289321948588,0.22701485690566164,1452.307133180674,-2.103120295530071,3,1,2,3,1,0
StLouis,1,defensive,3,12,season_end,2028,offseason,0,0.6111457972183026,1,0,6.804615336695252,0.1062,0.0,19.473342400311015,225.7436160444008,163.7436160444008,560.5657390811455,0.0,1.0,560.5657390811455,0.21091069125378806,1435.7825174627621,-2.08855289055444,3,1,2,3,1,0
StLouis,1,ppo,0,1,offseason_decision,2025,offseason,0,0.6148457972183027,0,3,5.0,0.0,0.2,0.0,0.0,5.0,335.0,67.0,1.0,268.0,0.545,1488.4828510831296,-4.241364390609727,2,5,2,2,4,0
StLouis,1,ppo,1,4,season_end,2026,offseason,1,0.6111457972183026,1,0,8.258739799935874,0.1062,0.5009035712305364,11.993815008947891,63.24696567341626,180.09708446223593,357.0549883472591,178.85011878881966,1.0,178.20486955843944,0.28870003894701685,1467.6849365213855,-2.5667645664431484,2,5,2,0,4,0
StLouis,1,ppo,1,5,offseason_decision,2026,offseason,1,0.6111457972183026,1,0,8.258739799935874,0.1062,0.5009035712305364,11.993815008947891,63.24696567341626,180.09708446223593,357.0549883472591,178.85011878881966,1.0,178.20486955843944,0.28870003894701685,1467.6849365213855,-2.5667645664431484,2,5,0,0,0,0
StLouis,1,ppo,2,8,season_end,2027,offseason,0,0.6111457972183026,1,0,7.076739157519347,0.1062,0.10680607296662156,9.75762864483223,114.21974105004259,100.64190559549957,453.3652740943823,48.42216454545698,1.0,404.94310954892535,0.19109738587075192,1447.0066551522898,-2.4095382297638253,2,5,0,0,0,0
StLouis,1,ppo,2,9,offseason_decision,2027,offseason,0,0.6111457972183026,1,0,7.076739157519347,0.1062,0.10680607296662156,9.75762864483223,114.21974105004259,100.64190559549957,453.3652740943823,48.42216454545698,1.0,404.94310954892535,0.19109738587075192,1447.0066551522898,-2.4095382297638253,3,5,6,0,4,0
StLouis,1,ppo,3,12,season_end,2028,offseason,0,0.6111457972183026,1,0,6.804615336695252,0.1062,0.3884028073040425,9.188655318345116,152.4399933276136,276.05180051650404,477.8848239466847,185.61180718889045,1.0,292.27301675779427,0.15407116277453417,1427.463650881134,-3.0247227900124107,6,5,6,2,4,0
Nashville,0,baseline,0,1,offseason_decision,2025,offseason,0,0.6148457972183027,0,3,5.0,0.0,0.2,0.0,0.0,5.0,335.0,67.0,1.0,268.0,0.545,1488.4828510831296,-4.241364390609727,3,2,2,1,2,0
Nashville,0,baseline,1,4,season_end,2026,offseason,1,0.6128457972183027,1,0,6.591126133316471,0.12,0.18641103100690656,17.671588824230675,75.07089157883459,80.07089157883459,359.4207898432665,67.0,1.0,292.4207898432665,0.29904814030471194,1469.190844564497,-2.08613092937585,3,2,2,1,2,0
Nashville,0,baseline,1,5,offseason_decision,2026,offseason,1,0.6128457972183027,1,0,6.591126133316471,0.12,0.18641103100690656,17.671588824230675,75.07089157883459,80.07089157883459,359.4207898432665,67.0,1.0,292.4207898432665,0.29904814030471194,1469.190844564497,-2.08613092937585,3,2,2,1,2,0
Nashville,0,baseline,2,8,season_end,2027,offseason,0,0.6128457972183027,1,0,6.7295181690244945,0.12,0.1540990326484974,16.24181963799867,128.43081039034894,133.43081039034894,434.7853380288777,67.0,1.0,367.7853380288777,0.19727586476551479,1448.863552255696,-1.942932688541538,3,2,2,1,2,0
Nashville,0,baseline,2,9,offseason_decision,2027,offseason,0,0.6128457972183027,1,0,6.7295181690244945,0.12,0.1540990326484974,16.24181963799867,128.43081039034894,133.43081039034894,434.7853380288777,67.0,1.0,367.7853380288777,0.19727586476551479,1448.863552255696,-1.942932688541538,3,2,2,1,2,0
Nashville,0,baseline,3,12,season_end,2028,offseason,0,0.6128457972183027,1,1,7.559671991574587,0.12,0.140845417906757,11.717188532531047,183.14405985162523,188.14405985162523,475.6988263853609,67.0,1.0,408.6988263853609,0.1830689287617664,1431.2281232190749,-2.040124346439193,3,2,2,1,2,0
Nashville,0,aggressive,0,1,offseason_decision,2025,offseason,0,0.6148457972183027,0,3,5.0,0.0,0.2,0.0,0.0,5.0,335.0,67.0,1.0,268.0,0.545,1488.4828510831296,-4.241364390609727,6,5,6,3,4,0
Nashville,0,aggressive,1,4,season_end,2026,offseason,1,0.6128457972183027,1,0,6.591126133316471,0.12,0.4947061298977672,9.700198924469618,55.63428455065066,173.2214525675677,363.01787498373903,179.58716801691702,1.0,183.43070696682202,0.24406094708090872,1464.326477057427,-3.210853870699367,6,5,6,3,4,0
Nashville,0,aggressive,1,5,offseason_decision,2026,offseason,1,0.6128457972183027,1,0,6.591126133316471,0.12,0.4947061298977672,9.700198924469618,55.63428455065066,173.2214525675677,363.01787498373903,179.58716801691702,1.0,183.43070696682202,0.24406094708090872,1464.326477057427,-3.210853870699367,6,5,6,3,2,0
Nashville,0,aggressive,2,8,season_end,2027,offseason,0,0.6128457972183027,1,0,6.7295181690244945,0.12,0.41562272228717867,6.069311658076124,61.43996971297559,179.02713772989262,432.09179476195595,179.58716801691702,1.0,252.50462674503893,0.11745462465499482,1438.2195608496856,-3.0676556298650546,6,5,6,3,2,0
Nashville,0,aggressive,2,9,offseason_decision,2027,offseason,0,0.6128457972183027,1,0,6.7295181690244945,0.12,0.41562272228717867,6.069311658076124,61.43996971297559,179.02713772989262,432.09179476195595,179.58716801691702,1.0,252.50462674503893,0.11745462465499482,1438.2195608496856,-3.0676556298650546,6,5,6,3,2,0
Nashville,0,aggressive,3,12,season_end,2028,offseason,0,0.6128457972183027,1,1,7.559671991574587,0.12,0.3885562712951588,-0.8560387197899537,70.8805890379525,188.46775705486954,462.1908878688444,179.58716801691702,1.0,282.6037198519274,0.08809768823703687,1415.1020393679369,-3.164847287762709,6,5,6,3,2,0
Nashville,0,defensive,0,1,offseason_decision,2025,offseason,0,0.6148457972183027,0,3,5.0,0.0,0.2,0.0,0.0,5.0,335.0,67.0,1.0,268.0,0.545,1488.4828510831296,-4.241364390609727,3,1,2,3,1,0
Nashville,0,defensive,1,4,season_end,2026,offseason,1,0.6128457972183027,1,0,6.591126133316471,0.12,0.02854791725590681,19.025952522345396,75.40860277016989,23.93207516324416,368.62487370762096,10.523472393074261,1.0,358.1014013145467,0.2926414696040174,1468.6104561231,-2.159274173842885,3,1,2,3,1,0
Nashville,0,defensive,1,5,offseason_decision,2026,offseason,1,0.6128457972183027,1,0,6.591126133316471,0.12,0.02854791725590681,19.025952522345396,75.40860277016989,23.93207516324416,368.62487370762096,10.523472393074261,1.0,358.1014013145467,0.2926414696040174,1468.6104561231,-2.159274173842885,3,1,2,3,1,0
Nashville,0,defensive,2,8,season_end,2027,offseason,0,0.6128457972183027,1,0,6.7295181690244945,0.12,0.0,19.10996356855,143.86973257994583,81.86973257994583,455.8475177161627,0.0,1.0,455.8475177161627,0.18828119926647852,1447.6661829521954,-2.0160759330085734,3,1,2,3,1,0
Nashville,0,defensive,2,9,offseason_decision,2027,offseason,0,0.6128457972183027,1,0,6.7295181690244945,0.12,0.0,19.10996356855,143.86973257994583,81.86973257994583,455.8475177161627,0.0,1.0,455.8475177161627,0.18828119926647852,1447.6661829521954,-2.0160759330085734,3,1,2,3,1,0
Nashville,0,defensive,3,12,season_end,2028,offseason,0,0.6128457972183027,1,1,7.559671991574587,0.12,0.0,16.101466143291436,213.21907786990926,151.21907786990926,509.8393405642054,0.0,1.0,509.8393405642054,0.17344504589781562,1429.4978476673896,-2.1132675909062275,3,1,2,3,1,0
Nashville,0,ppo,0,1,offseason_decision,2025,offseason,0,0.6148457972183027,0,3,5.0,0.0,0.2,0.0,0.0,5.0,335.0,67.0,1.0,268.0,0.545,1488.4828510831296,-4.241364390609727,6,4,1,0,4,0
Nashville,0,ppo,1,4,season_end,2026,offseason,1,0.6128457972183027,1,0,6.591126133316471,0.12,0.509833219979247,11.364783236732762,62.34315680478497,178.27073059070224,348.99172280919606,177.92757378591728,1.0,171.0641490232788,0.24406094708090872,1464.326477057427,-3.210853870699367,6,4,1,0,4,0
Nashville,0,ppo,1,5,offseason_decision,2026,offseason,1,0.6128457972183027,1,0,6.591126133316471,0.12,0.509833219979247,11.364783236732762,62.34315680478497,178.27073059070224,348.99172280919606,177.92757378591728,1.0,171.0641490232788,0.24406094708090872,1464.326477057427,-3.210853870699367,6,4,1,0,2,0
Nashville,0,ppo,2,8,season_end,2027,offseason,0,0.6128457972183027,1,0,6.7295181690244945,0.12,0.4451860971303441,7.7308329139068555,74.54862265621377,190.47619644213103,399.67010410440247,177.92757378591728,1.0,221.7425303184852,0.11745462465499482,1438.2195608496856,-3.0676556298650546,6,4,1,0,2,0
Nashville,0,ppo,2,9,offseason_decision,2027,offseason,0,0.6128457972183027,1,0,6.7295181690244945,0.12,0.4451860971303441,7.7308329139068555,74.54862265621377,190.47619644213103,399.67010410440247,177.92757378591728,1.0,221.7425303184852,0.11745462465499482,1438.2195608496856,-3.0676556298650546,6,4,1,0,2,0
Nashville,0,ppo,3,12,season_end,2028,offseason,0,0.6128457972183027,1,1,7.559671991574587,0.12,0.4330231855291282,0.528615360891088,89.918819236654,205.84639302257125,410.89618231065504,177.92757378591728,1.0,232.96860852473776,0.08809768823703687,1415.1020393679369,-3.164847287762709,6,4,1,0,2,0
Nashville,1,baseline,0,1,offseason_decision,2025,offseason,0,0.6148457972183027,0,3,5.0,0.0,0.2,0.0,0.0,5.0,335.0,67.0,1.0,268.0,0.545,1488.4828510831296,-4.241364390609727,3,2,2,1,2,0
Nashville,1,baseline,1,4,season_end,2026,offseason,1,0.6128457972183027,1,0,8.258739799935874,0.12,0.183787985930161,18.04449649608705,76.08385231356586,81.08385231356586,364.5504882210301,67.0,1.0,297.5504882210301,0.3356710778288208,1471.813290975986,-2.0257300870442636,3,2,2,1,2,0
Nashville,1,baseline,1,5,offseason_decision,2026,offseason,1,0.6128457972183027,1,0,8.258739799935874,0.12,0.183787985930161,18.04449649608705,76.08385231356586,81.08385231356586,364.5504882210301,67.0,1.0,297.5504882210301,0.3356710778288208,1471.813290975986,-2.0257300870442636,3,2,2,1,2,0
Nashville,1,baseline,2,8,season_end,2027,offseason,0,0.6128457972183027,1,0,7.076739157519347,0.12,0.13982556938283544,12.016628095650203,147.00762577537154,152.00762577537154,479.1684403340947,67.0,1.0,412.1684403340947,0.23515509949614727,1453.4265391825693,-2.029977051063036,3,2,2,1,2,0
Nashville,1,baseline,2,9,offseason_decision,2027,offseason,0,0.6128457972183027,1,0,7.076739157519347,0.12,0.13982556938283544,12.016628095650203,147.00762577537154,152.00762577537154,479.1684403340947,67.0,1.0,412.1684403340947,0.23515509949614727,1453.4265391825693,-2.029977051063036,3,2,2,1,2,0
Nashville,1,baseline,3,12,season_end,2028,offseason,0,0.6128457972183027,1,0,6.804615336695252,0.12,0.1283056124531902,16.645046437916385,198.7242145104222,203.7242145104222,522.1907188545134,67.0,1.0,455.1907188545134,0.22048764997001158,1437.4570149228448,-2.015409646087405,3,2,2,1,2,0
Nashville,1,aggressive,0,1,offseason_decision,2025,offseason,0,0.6148457972183027,0,3,5.0,0.0,0.2,0.0,0.0,5.0,335.0,67.0,1.0,268.0,0.545,1488.4828510831296,-4.241364390609727,6,5,6,3,4,0
Nashville,1,aggressive,1,4,season_end,2026,offseason,1,0.6128457972183027,1,0,8.258739799935874,0.12,0.4921601892035354,9.748033349379618,56.037601644740356,173.85264131072748,365.3587665369327,179.81503966598711,1.0,185.5437268709456,0.2538290373643363,1464.6770557285884,-3.1504530283677803,6,5,6,3,4,0
Nashville,1,aggressive,1,5,offseason_decision,2026,offseason,1,0.6128457972183027,1,0,8.258739799935874,0.12,0.4921601892035354,9.748033349379618,56.037601644740356,173.85264131072748,365.3587665369327,179.81503966598711,1.0,185.5437268709456,0.2538290373643363,1464.6770557285884,-3.1504530283677803,6,5,6,3,2,0
Nashville,1,aggressive,2,8,season_end,2027,offseason,0,0.6128457972183027,1,0,7.076739157519347,0.12,0.38183774946305477,-0.006758258659793626,85.30638447821997,203.12142414420708,470.9200175175068,179.81503966598711,1.0,291.10497785151966,0.1464876857387274,1441.3987500123274,-3.1546999923865524,6,5,6,3,2,0
Nashville,1,aggressive,2,9,offseason_decision,2027,offseason,0,0.6128457972183027,1,0,7.076739157519347,0.12,0.38183774946305477,-0.006758258659793626,85.30638447821997,203.12142414420708,470.9200175175068,179.81503966598711,1.0,291.10497785151966,0.1464876857387274,1441.3987500123274,-3.1546999923865524,6,5,6,3,2,0
Nashville,1,aggressive,3,12,season_end,2028,offseason,0,0.6128457972183027,1,0,6.804615336695252,0.12,0.35998822707082495,6.166697988817024,90.19377540645483,208.00881507244196,499.50255631723724,179.81503966598711,1.0,319.6875166512501,0.11802618371382786,1419.6411542270246,-3.140132587410922,6,5,6,3,2,0
Nashville,1,defensive,0,1,offseason_decision,2025,offseason,0,0.6148457972183027,0,3,5.0,0.0,0.2,0.0,0.0,5.0,335.0,67.0,1.0,268.0,0.545,1488.4828510831296,-4.241364390609727,3,1,2,3,1,0
Nashville,1,defensive,1,4,season_end,2026,offseason,1,0.6128457972183027,1,0,8.258739799935874,0.12,0.027712199423761026,19.383829334725192,76.3863636022317,24.744757879451996,373.78463249433696,10.358394277220292,1.0,363.4262382171167,0.3283777869664858,1471.1669000256434,-2.0988733315112986,3,1,2,3,1,0
Nashville,1,defensive,1,5,offseason_decision,2026,offseason,1,0.6128457972183027,1,0,8.258739799935874,0.12,0.027712199423761026,19.383829334725192,76.3863636022317,24.744757879451996,373.78463249433696,10.358394277220292,1.0,363.4262382171167,0.3283777869664858,1471.1669000256434,-2.0988733315112986,3,1,2,3,1,0
Nashville,1,defensive,2,8,season_end,2027,offseason,0,0.6128457972183027,1,0,7.076739157519347,0.12,0.0,16.403785609264332,158.07252747153407,96.0725274715341,502.07718368567544,0.0,1.0,502.07718368567544,0.22623793455072377,1452.2411260567656,-2.103120295530071,3,1,2,3,1,0
Nashville,1,defensive,2,9,offseason_decision,2027,offseason,0,0.6128457972183027,1,0,7.076739157519347,0.12,0.0,16.403785609264332,158.07252747153407,96.0725274715341,502.07718368567544,0.0,1.0,502.07718368567544,0.22623793455072377,1452.2411260567656,-2.103120295530071,3,1,2,3,1,0
Nashville,1,defensive,3,12,season_end,2028,offseason,0,0.6128457972183027,1,0,6.804615336695252,0.12,0.0,19.491861932051272,225.8367818253206,163.83678182532063,559.3346749147811,0.0,1.0,559.3346749147811,0.21060778825835869,1435.715830238098,-2.08855289055444,3,1,2,3,1,0
Nashville,1,ppo,0,1,offseason_decision,2025,offseason,0,0.6148457972183027,0,3,5.0,0.0,0.2,0.0,0.0,5.0,335.0,67.0,1.0,268.0,0.545,1488.4828510831296,-4.241364390609727,6,4,1,0,4,0
Nashville,1,ppo,1,4,season_end,2026,offseason,1,0.6128457972183027,1,0,8.258739799935874,0.12,0.5071727956168269,11.419867583753563,62.75576690838728,178.90762899492984,351.2646254416565,178.15186208654254,1.0,173.11276335511397,0.2538290373643363,1464.6770557285884,-3.1504530283677803,6,4,1,0,4,0
Nashville,1,ppo,1,5,offseason_decision,2026,offseason,1,0.6128457972183027,1,0,8.258739799935874,0.12,0.5071727956168269,11.419867583753563,62.75576690838728,178.90762899492984,351.2646254416565,178.15186208654254,1.0,173.11276335511397,0.2538290373643363,1464.6770557285884,-3.1504530283677803,6,4,1,0,1,0
Nashville,1,ppo,2,8,season_end,2027,offseason,0,0.6128457972183027,1,0,7.076739157519347,0.12,0.2627636680752682,5.572151278496751,105.95004234316892,158.49752827140114,435.93350164155976,114.54748592823219,1.0,321.38601571332754,0.1464876857387274,1441.3987500123274,-3.1546999923865524,6,4,1,0,1,0
Nashville,1,ppo,2,9,offseason_decision,2027,offseason,0,0.6128457972183027,1,0,7.076739157519347,0.12,0.2627636680752682,5.572151278496751,105.95004234316892,158.49752827140114,435.93350164155976,114.54748592823219,1.0,321.38601571332754,0.1464876857387274,1441.3987500123274,-3.1546999923865524,6,4,1,0,4,0
Nashville,1,ppo,3,12,season_end,2028,offseason,0,0.6128457972183027,1,0,6.804615336695252,0.12,0.5512570911038002,4.498091653297653,121.33927061593322,304.2999594498924,444.3674154711848,244.96068883395915,1.0,199.40672663722566,0.11802618371382786,1419.6411542270246,-3.140132587410922,6,4,1,0,4,0
Denver,0,baseline,0,1,offseason_decision,2025,offseason,0,0.6148457972183027,0,3,5.0,0.0,0.2,0.0,0.0,5.0,335.0,67.0,1.0,268.0,0.545,1488.4828510831296,-4.241364390609727,3,2,2,1,2,0
Denver,0,baseline,1,4,season_end,2026,offseason,1,0.6272457972183026,0,0,6.591126133316471,0.4607,0.18641103100690656,17.671588824230675,75.07089157883459,80.07089157883459,359.4207898432665,67.0,1.0,292.4207898432665,0.29904814030471194,1469.190844564497,-2.08613092937585,3,2,2,1,2,0
Denver,0,baseline,1,5,offseason_decision,2026,offseason,1,0.6272457972183026,0,0,6.591126133316471,0.4607,0.18641103100690656,17.671588824230675,75.07089157883459,80.07089157883459,359.4207898432665,67.0,1.0,292.4207898432665,0.29904814030471194,1469.190844564497,-2.08613092937585,3,2,2,1,2,0
Denver,0,baseline,2,8,season_end,2027,offseason,0,0.6272457972183026,0,0,6.7295181690244945,0.4607,0.1544462090757877,16.36376947756804,129.10255260038903,134.10255260038903,433.80799309306894,67.0,1.0,366.80799309306894,0.17847783708438247,1447.1382055497368,-1.942932688541538,3,2,2,1,2,0
Denver,0,baseline,2,9,offseason_decision,2027,offseason,0,0.6272457972183026,0,0,6.7295181690244945,0.4607,0.1544462090757877,16.36376947756804,129.10255260038903,134.10255260038903,433.80799309306894,67.0,1.0,366.80799309306894,0.17847783708438247,1447.1382055497368,-1.942932688541538,3,2,2,1,2,0
Denver,0,baseline,3,12,season_end,2028,offseason,0,0.6272457972183026,0,1,7.559671991574587,0.4607,0.14221117391168306,12.268695553404676,185.94528032830598,190.94528032830598,471.1303490231281,67.0,1.0,404.1303490231281,0.17566752594824223,1429.4842074307235,-2.040124346439193,3,2,2,1,2,0
Denver,0,aggressive,0,1,offseason_decision,2025,offseason,0,0.6148457972183027,0,3,5.0,0.0,0.2,0.0,0.0,5.0,335.0,67.0,1.0,268.0,0.545,1488.4828510831296,-4.241364390609727,6,5,6,3,4,0
Denver,0,aggressive,1,4,season_end,2026,offseason,1,0.6272457972183026,0,0,6.591126133316471,0.4607,0.4947061298977672,9.700198924469618,55.63428455065066,173.2214525675677,363.01787498373903,179.58716801691702,1.0,183.43070696682202,0.24406094708090872,1464.326477057427,-3.210853870699367,6,5,6,3,4,0
Denver,0,aggressive,1,5,offseason_decision,2026,offseason,1,0.6272457972183026,0,0,6.591126133316471,0.4607,0.4947061298977672,9.700198924469618,55.63428455065066,173.2214525675677,363.01787498373903,179.58716801691702,1.0,183.43070696682202,0.24406094708090872,1464.326477057427,-3.210853870699367,6,5,6,3,2,0
Denver,0,aggressive,2,8,season_end,2027,offseason,0,0.6272457972183026,0,0,6.7295181690244945,0.4607,0.41408582115585457,6.345224208460216,62.36984532599197,179.95701334290902,433.6955260038319,179.58716801691702,1.0,254.10835798691488,0.11656290484875166,1438.1356812405854,-3.0676556298650546,6,5,6,3,2,0
Denver,0,aggressive,2,9,offseason_decision,2027,offseason,0,0.6272457972183026,0,0,6.7295181690244945,0.4607,0.41408582115585457,6.345224208460216,62.36984532599197,179.95701334290902,433.6955260038319,179.58716801691702,1.0,254.10835798691488,0.11656290484875166,1438.1356812405854,-3.0676556298650546,6,5,6,3,2,0
Denver,0,aggressive,3,12,season_end,2028,offseason,0,0.6272457972183026,0,1,7.559671991574587,0.4607,0.38725273349371864,-0.28212409353480083,74.27162779651064,191.8587958134277,463.74667622541125,179.58716801691702,1.0,284.15950820849423,0.08777311645188565,1415.0197245171287,-3.164847287762709,6,5,6,3,2,0
Denver,0,defensive,0,1,offseason_decision,2025,offseason,0,0.6148457972183027,0,3,5.0,0.0,0.2,0.0,0.0,5.0,335.0,67.0,1.0,268.0,0.545,1488.4828510831296,-4.241364390609727,3,1,2,3,1,0
Denver,0,defensive,1,4,season_end,2026,offseason,1,0.6272457972183026,0,0,6.591126133316471,0.4607,0.02854791725590681,19.025952522345396,75.40860277016989,23.93207516324416,368.62487370762096,10.523472393074261,1.0,358.1014013145467,0.2926414696040174,1468.6104561231,-2.159274173842885,3,1,2,3,1,0
Denver,0,defensive,1,5,offseason_decision,2026,offseason,1,0.6272457972183026,0,0,6.591126133316471,0.4607,0.02854791725590681,19.025952522345396,75.40860277016989,23.93207516324416,368.62487370762096,10.523472393074261,1.0,358.1014013145467,0.2926414696040174,1468.6104561231,-2.159274173842885,3,1,2,3,1,0
Denver,0,defensive,2,8,season_end,2027,offseason,0,0.6272457972183026,0,0,6.7295181690244945,0.4607,0.0,19.220895520997296,144.4789343458005,82.4789343458005,454.9669111765232,0.0,1.0,454.9669111765232,0.17039427772096333,1446.0245711297866,-2.0160759330085734,3,1,2,3,1,0
Denver,0,defensive,2,9,offseason_decision,2027,offseason,0,0.6272457972183026,0,0,6.7295181690244945,0.4607,0.0,19.220895520997296,144.4789343458005,82.4789343458005,454.9669111765232,0.0,1.0,454.9669111765232,0.17039427772096333,1446.0245711297866,-2.0160759330085734,3,1,2,3,1,0
Denver,0,defensive,3,12,season_end,2028,offseason,0,0.6272457972183026,0,1,7.559671991574587,0.4607,0.0,16.63586805400177,215.9038416176902,153.9038416176902,505.3110552252183,0.0,1.0,505.3110552252183,0.16644415583903266,1427.8423447397504,-2.1132675909062275,3,1,2,3,1,0
Denver,0,ppo,0,1,offseason_decision,2025,offseason,0,0.6148457972183027,0,3,5.0,0.0,0.2,0.0,0.0,5.0,335.0,67.0,1.0,268.0,0.545,1488.4828510831296,-4.241364390609727,2,5,2,3,4,0
Denver,0,ppo,1,4,season_end,2026,offseason,1,0.6272457972183026,0,0,6.591126133316471,0.4607,0.4976339384137455,10.797284561215513,59.27298717024075,176.51647145807368,360.1914388298922,179.24348428783296,1.0,180.94795454205925,0.2666090291037456,1466.2961620522517,-2.6271654087747347,2,5,2,2,4,0
Denver,0,ppo,1,5,offseason_decision,2026,offseason,1,0.6272457972183026,0,0,6.591126133316471,0.4607,0.4976339384137455,10.797284561215513,59.27298717024075,176.51647145807368,360.1914388298922,179.24348428783296,1.0,180.94795454205925,0.2666090291037456,1466.2961620522517,-2.6271654087747347,2,5,0,2,1,0
Denver,0,ppo,2,8,season_end,2027,offseason,0,0.6272457972183026,0,0,6.7295181690244945,0.4607,0.27177284968281706,11.00977167277741,77.21168578856104,131.1817635227035,426.7169361085548,115.97007773414252,1.0,310.7468583744123,0.1329599838680231,1441.0884816240748,-2.7681208626674243,5,5,0,0,1,0
Denver,0,ppo,2,9,offseason_decision,2027,offseason,0,0.6272457972183026,0,0,6.7295181690244945,0.4607,0.27177284968281706,11.00977167277741,77.21168578856104,131.1817635227035,426.7169361085548,115.97007773414252,1.0,310.7468583744123,0.1329599838680231,1441.0884816240748,-2.7681208626674243,5,2,6,3,4,0
Denver,0,ppo,3,12,season_end,2028,offseason,0,0.6272457972183026,0,1,7.559671991574587,0.4607,0.5460149691143776,-2.518984283019705,96.91147903707115,283.2472739434197,454.8149940085762,248.3357949063486,1.0,206.4791991022276,0.10556913803683671,1418.9621946827517,-2.9023211575251215,2,5,6,1,4,0
Denver,1,baseline,0,1,offseason_decision,2025,offseason,0,0.6148457972183027,0,3,5.0,0.0,0.2,0.0,0.0,5.0,335.0,67.0,1.0,268.0,0.545,1488.4828510831296,-4.241364390609727,3,2,2,1,2,0
Denver,1,baseline,1,4,season_end,2026,offseason,1,0.6272457972183026,0,0,8.258739799935874,0.4607,0.183787985930161,18.04449649608705,76.08385231356586,81.08385231356586,364.5504882210301,67.0,1.0,297.5504882210301,0.3356710778288208,1471.813290975986,-2.0257300870442636,3,2,2,1,2,0
Denver,1,baseline,1,5,offseason_decision,2026,offseason,1,0.6272457972183026,0,0,8.258739799935874,0.4607,0.183787985930161,18.04449649608705,76.08385231356586,81.08385231356586,364.5504882210301,67.0,1.0,297.5504882210301,0.3356710778288208,1471.813290975986,-2.0257300870442636,3,2,2,1,2,0
Denver,1,baseline,2,8,season_end,2027,offseason,0,0.6272457972183026,0,0,7.076739157519347,0.4607,0.1400099606252719,12.081807342264977,148.24250005493437,153.24250005493437,478.53738191757225,67.0,1.0,411.53738191757225,0.21640154614277152,1451.832619196572,-2.029977051063036,3,2,2,1,2,0
Denver,1,baseline,2,9,offseason_decision,2027,offseason,0,0.6272457972183026,0,0,7.076739157519347,0.4607,0.1400099606252719,12.081807342264977,148.24250005493437,153.24250005493437,478.53738191757225,67.0,1.0,411.53738191757225,0.21640154614277152,1451.832619196572,-2.029977051063036,3,2,2,1,2,0
Denver,1,baseline,3,12,season_end,2028,offseason,0,0.6272457972183026,0,0,6.804615336695252,0.4607,0.12943130417777252,17.320510617503565,202.1109932013208,207.1109932013208,517.6491145293276,67.0,1.0,450.64911452932756,0.21313724644392384,1435.843165072875,-2.015409646087405,3,2,2,1,2,0
Denver,1,aggressive,0,1,offseason_decision,2025,offseason,0,0.6148457972183027,0,3,5.0,0.0,0.2,0.0,0.0,5.0,335.0,67.0,1.0,268.0,0.545,1488.4828510831296,-4.241364390609727,6,5,6,3,4,0
Denver,1,aggressive,1,4,season_end,2026,offseason,1,0.6272457972183026,0,0,8.258739799935874,0.4607,0.4921601892035354,9.748033349379618,56.037601644740356,173.85264131072748,365.3587665369327,179.81503966598711,1.0,185.5437268709456,0.2538290373643363,1464.6770557285884,-3.1504530283677803,6,5,6,3,4,0
Denver,1,aggressive,1,5,offseason_decision,2026,offseason,1,0.6272457972183026,0,0,8.258739799935874,0.4607,0.4921601892035354,9.748033349379618,56.037601644740356,173.85264131072748,365.3587665369327,179.81503966598711,1.0,185.5437268709456,0.2538290373643363,1464.6770557285884,-3.1504530283677803,6,5,6,3,2,0
Denver,1,aggressive,2,8,season_end,2027,offseason,0,0.6272457972183026,0,0,7.076739157519347,0.4607,0.38080888515481864,0.1267776116083077,86.64864835702446,204.46368802301157,472.19234286742795,179.81503966598711,1.0,292.37730320144084,0.13963302483057202,1440.9103448756423,-3.1546999923865524,6,5,6,3,2,0
Denver,1,aggressive,2,9,offseason_decision,2027,offseason,0,0.6272457972183026,0,0,7.076739157519347,0.4607,0.38080888515481864,0.1267776116083077,86.64864835702446,204.46368802301157,472.19234286742795,179.81503966598711,1.0,292.37730320144084,0.13963302483057202,1440.9103448756423,-3.1546999923865524,6,5,6,3,2,0
Denver,1,aggressive,3,12,season_end,2028,offseason,0,0.6272457972183026,0,0,6.804615336695252,0.4607,0.35997652543402664,6.8266589763447385,93.7882092376411,211.60324890362818,499.5187934801656,179.81503966598711,1.0,319.70375381417847,0.11554478874272066,1419.16002844556,-3.140132587410922,6,5,6,3,2,0
Denver,1,defensive,0,1,offseason_decision,2025,offseason,0,0.6148457972183027,0,3,5.0,0.0,0.2,0.0,0.0,5.0,335.0,67.0,1.0,268.0,0.545,1488.4828510831296,-4.241364390609727,3,1,2,3,1,0
Denver,1,defensive,1,4,season_end,2026,offseason,1,0.6272457972183026,0,0,8.258739799935874,0.4607,0.027712199423761026,19.383829334725192,76.3863636022317,24.744757879451996,373.78463249433696,10.358394277220292,1.0,363.4262382171167,0.3283777869664858,1471.1669000256434,-2.0988733315112986,3,1,2,3,1,0
Denver,1,defensive,1,5,offseason_decision,2026,offseason,1,0.6272457972183026,0,0,8.258739799935874,0.4607,0.027712199423761026,19.383829334725192,76.3863636022317,24.744757879451996,373.78463249433696,10.358394277220292,1.0,363.4262382171167,0.3283777869664858,1471.1669000256434,-2.0988733315112986,3,1,2,3,1,0
Denver,1,defensive,2,8,season_end,2027,offseason,0,0.6272457972183026,0,0,7.076739157519347,0.4607,0.0,16.461414501233868,159.23556599633457,97.23556599633457,501.6120006072852,0.0,1.0,501.6120006072852,0.2086505313102916,1450.7537770516565,-2.103120295530071,3,1,2,3,1,0
Denver,1,defensive,2,9,offseason_decision,2027,offseason,0,0.6272457972183026,0,0,7.076739157519347,0.4607,0.0,16.461414501233868,159.23556599633457,97.23556599633457,501.6120006072852,0.0,1.0,501.6120006072852,0.2086505313102916,1450.7537770516565,-2.103120295530071,3,1,2,3,1,0
Denver,1,defensive,3,12,season_end,2028,offseason,0,0.6272457972183026,0,0,6.804615336695252,0.4607,0.0,20.147413833469045,229.10219145577622,167.10219145577622,554.9722521288134,0.0,1.0,554.9722521288134,0.20375705055176466,1434.2133599485635,-2.08855289055444,3,1,2,3,1,0
Denver,1,ppo,0,1,offseason_decision,2025,offseason,0,0.6148457972183027,0,3,5.0,0.0,0.2,0.0,0.0,5.0,335.0,67.0,1.0,268.0,0.545,1488.4828510831296,-4.241364390609727,5,5,0,3,4,0
Denver,1,ppo,1,4,season_end,2026,offseason,1,0.6272457972183026,0,0,8.258739799935874,0.4607,0.4979333530939544,10.395525975102274,57.26398135496446,174.58357328803845,360.12769744957893,179.31959193307398,1.0,180.80810551650495,0.25429003317873883,1464.7471980514063,-3.155956592935046,2,5,0,2,4,0
Denver,1,ppo,1,5,offseason_decision,2026,offseason,1,0.6272457972183026,0,0,8.258739799935874,0.4607,0.4979333530939544,10.395525975102274,57.26398135496446,174.58357328803845,360.12769744957893,179.31959193307398,1.0,180.80810551650495,0.25429003317873883,1464.7471980514063,-3.155956592935046,2,5,0,2,1,0
Denver,1,ppo,2,8,season_end,2027,offseason,0,0.6272457972183026,0,0,7.076739157519347,0.4607,0.2479604736568386,4.391266906340274,97.14581782257024,148.6208310897877,457.6334751814502,113.47501326721748,1.0,344.1584619142327,0.1460752080019534,1441.396841486191,-2.885926800787891,4,5,0,2,1,0
Denver,1,ppo,2,9,offseason_decision,2027,offseason,0,0.6272457972183026,0,0,7.076739157519347,0.4607,0.2479604736568386,4.391266906340274,97.14581782257024,148.6208310897877,457.6334751814502,113.47501326721748,1.0,344.1584619142327,0.1460752080019534,1441.396841486191,-2.885926800787891,5,5,0,3,1,0
Denver,1,ppo,3,12,season_end,2028,offseason,0,0.6272457972183026,0,0,6.804615336695252,0.4607,0.09109786179014367,15.381101034458194,135.18611417992264,117.34418793653329,484.73227459865944,44.15807375661065,1.0,440.5742008420488,0.15603699988350503,1422.4596774688948,-2.2279071232132264,5,2,0,3,1,0
Portland,0,baseline,0,1,offseason_decision,2025,offseason,0,0.6148457972183027,0,3,5.0,0.0,0.2,0.0,0.0,5.0,335.0,67.0,1.0,268.0,0.545,1488.4828510831296,-4.241364390609727,3,2,2,1,2,0
Portland,0,baseline,1,4,season_end,2026,offseason,1,0.6207457972183027,0,0,6.591126133316471,0.93,0.18641103100690656,17.671588824230675,75.07089157883459,80.07089157883459,359.4207898432665,67.0,1.0,292.4207898432665,0.29904814030471194,1469.190844564497,-2.08613092937585,3,2,2,1,2,0
Portland,0,baseline,1,5,offseason_decision,2026,offseason,1,0.6207457972183027,0,0,6.591126133316471,0.93,0.18641103100690656,17.671588824230675,75.07089157883459,80.07089157883459,359.4207898432665,67.0,1.0,292.4207898432665,0.29904814030471194,1469.190844564497,-2.08613092937585,3,2,2,1,2,0
Portland,0,baseline,2,8,season_end,2027,offseason,0,0.6207457972183027,0,0,6.7295181690244945,0.93,0.15680922880392548,15.400497595537972,125.74798895366422,130.74798895366422,427.27077041987695,67.0,1.0,360.27077041987695,0.15673847127173005,1445.1353162038492,-1.942932688541538,3,2,2,1,2,0
Portland,0,baseline,2,9,offseason_decision,2027,offseason,0,0.6207457972183027,0,0,6.7295181690244945,0.93,0.15680922880392548,15.400497595537972,125.74798895366422,130.74798895366422,427.27077041987695,67.0,1.0,360.27077041987695,0.15673847127173005,1445.1353162038492,-1.942932688541538,3,2,2,1,2,0
Portland,0,baseline,3,12,season_end,2028,offseason,0,0.6207457972183027,0,1,7.559671991574587,0.93,0.1456305795427081,12.053369586865685,181.5177637661448,186.5177637661448,460.0682096465279,67.0,1.0,393.0682096465279,0.16711153468446216,1427.4604218944582,-2.040124346439193,3,2,2,1,2,0
Portland,0,aggressive,0,1,offseason_decision,2025,offseason,0,0.6148457972183027,0,3,5.0,0.0,0.2,0.0,0.0,5.0,335.0,67.0,1.0,268.0,0.545,1488.4828510831296,-4.241364390609727,6,5,6,3,4,0
Portland,0,aggressive,1,4,season_end,2026,offseason,1,0.6207457972183027,0,0,6.591126133316471,0.93,0.4947061298977672,9.700198924469618,55.63428455065066,173.2214525675677,363.01787498373903,179.58716801691702,1.0,183.43070696682202,0.24406094708090872,1464.326477057427,-3.210853870699367,6,5,6,3,4,0
Portland,0,aggressive,1,5,offseason_decision,2026,offseason,1,0.6207457972183027,0,0,6.591126133316471,0.93,0.4947061298977672,9.700198924469618,55.63428455065066,173.2214525675677,363.01787498373903,179.58716801691702,1.0,183.43070696682202,0.24406094708090872,1464.326477057427,-3.210853870699367,6,5,6,3,2,0
Portland,0,aggressive,2,8,season_end,2027,offseason,0,0.6207457972183027,0,0,6.7295181690244945,0.93,0.4173592633935115,5.61580235507456,59.530867210699,177.11803522761602,430.2939547973838,179.58716801691702,1.0,250.70678678046676,0.11656290484875166,1438.1356812405854,-3.0676556298650546,6,5,6,3,2,0
Portland,0,aggressive,2,9,offseason_decision,2027,offseason,0,0.6207457972183027,0,0,6.7295181690244945,0.93,0.4173592633935115,5.61580235507456,59.530867210699,177.11803522761602,430.2939547973838,179.58716801691702,1.0,250.70678678046676,0.11656290484875166,1438.1356812405854,-3.0676556298650546,6,5,6,3,2,0
Portland,0,aggressive,3,12,season_end,2028,offseason,0,0.6207457972183027,0,1,7.559671991574587,0.93,0.39031405409370434,-0.43119288283135404,70.89858324520723,188.48575126212427,460.1094071129777,179.58716801691702,1.0,280.5222390960607,0.08777311645188565,1415.0197245171287,-3.164847287762709,6,5,6,3,2,0
Portland,0,defensive,0,1,offseason_decision,2025,offseason,0,0.6148457972183027,0,3,5.0,0.0,0.2,0.0,0.0,5.0,335.0,67.0,1.0,268.0,0.545,1488.4828510831296,-4.241364390609727,3,1,2,3,1,0
Portland,0,defensive,1,4,season_end,2026,offseason,1,0.6207457972183027,0,0,6.591126133316471,0.93,0.02854791725590681,19.025952522345396,75.40860277016989,23.93207516324416,368.62487370762096,10.523472393074261,1.0,358.1014013145467,0.2926414696040174,1468.6104561231,-2.159274173842885,3,1,2,3,1,0
Portland,0,defensive,1,5,offseason_decision,2026,offseason,1,0.6207457972183027,0,0,6.591126133316471,0.93,0.02854791725590681,19.025952522345396,75.40860277016989,23.93207516324416,368.62487370762096,10.523472393074261,1.0,358.1014013145467,0.2926414696040174,1468.6104561231,-2.159274173842885,3,1,2,3,1,0
Portland,0,defensive,2,8,season_end,2027,offseason,0,0.6207457972183027,0,0,6.7295181690244945,0.93,0.0,18.29614416859941,141.20240827280855,79.20240827280857,448.4024388731963,0.0,1.0,448.4024388731963,0.15098929364583324,1444.2067960907318,-2.0160759330085734,3,1,2,3,1,0
Portland,0,defensive,2,9,offseason_decision,2027,offseason,0,0.6207457972183027,0,0,6.7295181690244945,0.93,0.0,18.29614416859941,141.20240827280855,79.20240827280857,448.4024388731963,0.0,1.0,448.4024388731963,0.15098929364583324,1444.2067960907318,-2.0160759330085734,3,1,2,3,1,0
Portland,0,defensive,3,12,season_end,2028,offseason,0,0.6207457972183027,0,1,7.559671991574587,0.93,0.0,16.437370800621302,211.65142438717442,149.65142438717442,494.24945927985357,0.0,1.0,494.24945927985357,0.15883603664573717,1426.009730136872,-2.1132675909062275,3,1,2,3,1,0
Portland,0,ppo,0,1,offseason_decision,2025,offseason,0,0.6148457972183027,0,3,5.0,0.0,0.2,0.0,0.0,5.0,335.0,67.0,1.0,268.0,0.545,1488.4828510831296,-4.241364390609727,2,5,2,0,4,0
Portland,0,ppo,1,4,season_end,2026,offseason,1,0.6207457972183027,0,0,6.591126133316471,0.93,0.5051682289893226,11.846859555773502,63.552993901334716,179.65369155899867,352.5572026055272,178.10069765766397,1.0,174.45650494786324,0.2848991280993202,1467.5617067648434,-2.145371262540773,3,5,2,0,4,0
Portland,0,ppo,1,5,offseason_decision,2026,offseason,1,0.6207457972183027,0,0,6.591126133316471,0.93,0.5051682289893226,11.846859555773502,63.552993901334716,179.65369155899867,352.5572026055272,178.10069765766397,1.0,174.45650494786324,0.2848991280993202,1467.5617067648434,-2.145371262540773,3,5,0,0,1,0
Portland,0,ppo,2,8,season_end,2027,offseason,0,0.6207457972183027,0,0,6.7295181690244945,0.93,0.2846651700330851,10.341342507637982,81.47322794928075,136.17523198862636,409.9623569184173,116.70200403934558,1.0,293.2603528790717,0.13778910786609716,1442.2096036274313,-3.034675395881502,6,5,0,0,1,0
Portland,0,ppo,2,9,offseason_decision,2027,offseason,0,0.6207457972183027,0,0,6.7295181690244945,0.93,0.2846651700330851,10.341342507637982,81.47322794928075,136.17523198862636,409.9623569184173,116.70200403934558,1.0,293.2603528790717,0.13778910786609716,1442.2096036274313,-3.034675395881502,6,1,4,0,4,0
Portland,0,ppo,3,12,season_end,2028,offseason,0,0.6207457972183027,0,1,7.559671991574587,0.93,0.5671214325173191,-2.730537718925479,104.05378615921902,284.4783806536003,427.4650552674677,242.42459449438124,1.0,185.04046077308644,0.10710531371517998,1420.325597987051,-3.067657885939815,5,5,4,0,4,0
Portland,1,baseline,0,1,offseason_decision,2025,offseason,0,0.6148457972183027,0,3,5.0,0.0,0.2,0.0,0.0,5.0,335.0,67.0,1.0,268.0,0.545,1488.4828510831296,-4.241364390609727,3,2,2,1,2,0
Portland,1,baseline,1,4,season_end,2026,offseason,1,0.6207457972183027,0,0,8.258739799935874,0.93,0.183787985930161,18.04449649608705,76.08385231356586,81.08385231356586,364.5504882210301,67.0,1.0,297.5504882210301,0.3356710778288208,1471.813290975986,-2.0257300870442636,3,2,2,1,2,0
Portland,1,baseline,1,5,offseason_decision,2026,offseason,1,0.6207457972183027,0,0,8.258739799935874,0.93,0.183787985930161,18.04449649608705,76.08385231356586,81.08385231356586,364.5504882210301,67.0,1.0,297.5504882210301,0.3356710778288208,1471.813290975986,-2.0257300870442636,3,2,2,1,2,0
Portland,1,baseline,2,8,season_end,2027,offseason,0,0.6207457972183027,0,0,7.076739157519347,0.93,0.14181811335567218,11.19838809429174,144.89690985870655,149.89690985870655,472.43612550371205,67.0,1.0,405.43612550371205,0.1971598670161021,1450.2304696109268,-2.029977051063036,3,2,2,1,2,0
Portland,1,baseline,2,9,offseason_decision,2027,offseason,0,0.6207457972183027,0,0,7.076739157519347,0.93,0.14181811335567218,11.19838809429174,144.89690985870655,149.89690985870655,472.43612550371205,67.0,1.0,405.43612550371205,0.1971598670161021,1450.2304696109268,-2.029977051063036,3,2,2,1,2,0
Portland,1,baseline,3,12,season_end,2028,offseason,0,0.6207457972183027,0,0,6.804615336695252,0.93,0.1321056536120005,17.074367026199894,197.80329662170874,202.80329662170874,507.1698157353782,67.0,1.0,440.1698157353782,0.20562000322895763,1434.2214427990193,-2.015409646087405,3,2,2,1,2,0
Portland,1,aggressive,0,1,offseason_decision,2025,offseason,0,0.6148457972183027,0,3,5.0,0.0,0.2,0.0,0.0,5.0,335.0,67.0,1.0,268.0,0.545,1488.4828510831296,-4.241364390609727,6,5,6,3,4,0
Portland,1,aggressive,1,4,season_end,2026,offseason,1,0.6207457972183027,0,0,8.258739799935874,0.93,0.4921601892035354,9.748033349379618,56.037601644740356,173.85264131072748,365.3587665369327,179.81503966598711,1.0,185.5437268709456,0.2538290373643363,1464.6770557285884,-3.1504530283677803,6,5,6,3,4,0
Portland,1,aggressive,1,5,offseason_decision,2026,offseason,1,0.6207457972183027,0,0,8.258739799935874,0.93,0.4921601892035354,9.748033349379618,56.037601644740356,173.85264131072748,365.3587665369327,179.81503966598711,1.0,185.5437268709456,0.2538290373643363,1464.6770557285884,-3.1504530283677803,6,5,6,3,2,0
Portland,1,aggressive,2,8,season_end,2027,offseason,0,0.6207457972183027,0,0,7.076739157519347,0.93,0.3841858366075975,-0.6490727669348217,83.64455666174119,201.45959632772832,468.04182385736385,179.81503966598711,1.0,288.22678419137674,0.13238660466327826,1440.4272501978228,-3.1546999923865524,6,5,6,3,2,0
Portland,1,aggressive,2,9,offseason_decision,2027,offseason,0,0.6207457972183027,0,0,7.076739157519347,0.93,0.3841858366075975,-0.6490727669348217,83.64455666174119,201.45959632772832,468.04182385736385,179.81503966598711,1.0,288.22678419137674,0.13238660466327826,1440.4272501978228,-3.1546999923865524,6,5,6,3,2,0
Portland,1,aggressive,3,12,season_end,2028,offseason,0,0.6207457972183027,0,0,6.804615336695252,0.93,0.3641935670584812,6.6140593624256425,90.04966139999863,207.8647010659858,493.73480459393426,179.81503966598711,1.0,313.91976492794714,0.11293073716352187,1418.684157458511,-3.140132587410922,6,5,6,3,2,0
Portland,1,defensive,0,1,offseason_decision,2025,offseason,0,0.6148457972183027,0,3,5.0,0.0,0.2,0.0,0.0,5.0,335.0,67.0,1.0,268.0,0.545,1488.4828510831296,-4.241364390609727,3,1,2,3,1,0
Portland,1,defensive,1,4,season_end,2026,offseason,1,0.6207457972183027,0,0,8.258739799935874,0.93,0.027712199423761026,19.383829334725192,76.3863636022317,24.744757879451996,373.78463249433696,10.358394277220292,1.0,363.4262382171167,0.3283777869664858,1471.1669000256434,-2.0988733315112986,3,1,2,3,1,0
Portland,1,defensive,1,5,offseason_decision,2026,offseason,1,0.6207457972183027,0,0,8.258739799935874,0.93,0.027712199423761026,19.383829334725192,76.3863636022317,24.744757879451996,373.78463249433696,10.358394277220292,1.0,363.4262382171167,0.3283777869664858,1471.1669000256434,-2.0988733315112986,3,1,2,3,1,0
Portland,1,defensive,2,8,season_end,2027,offseason,0,0.6207457972183027,0,0,7.076739157519347,0.93,0.0,15.603924214037894,155.97115021038869,93.9711502103887,495.5206668154272,0.0,1.0,495.5206668154272,0.19106234522314375,1449.3020707929475,-2.103120295530071,3,1,2,3,1,0
Portland,1,defensive,2,9,offseason_decision,2027,offseason,0,0.6207457972183027,0,0,7.076739157519347,0.93,0.0,15.603924214037894,155.97115021038869,93.9711502103887,495.5206668154272,0.0,1.0,495.5206668154272,0.19106234522314375,1449.3020707929475,-2.103120295530071,3,1,2,3,1,0
Portland,1,defensive,3,12,season_end,2028,offseason,0,0.6207457972183027,0,0,6.804615336695252,0.93,0.0,19.918110726552225,224.94817413307524,162.94817413307524,544.4575727529601,0.0,1.0,544.4575727529601,0.19693002200877147,1432.7472698397946,-2.08855289055444,3,1,2,3,1,0
Portland,1,ppo,0,1,offseason_decision,2025,offseason,0,0.6148457972183027,0,3,5.0,0.0,0.2,0.0,0.0,5.0,335.0,67.0,1.0,268.0,0.545,1488.4828510831296,-4.241364390609727,6,5,0,1,4,0
Portland,1,ppo,1,4,season_end,2026,offseason,1,0.6207457972183027,0,0,8.258739799935874,0.93,0.506402316719599,10.888189869646212,60.069630926671636,176.46557845932904,352.2810651583914,178.39594753265743,1.0,173.88511762573398,0.2538290373643363,1464.6770557285884,-3.1504530283677803,6,5,0,0,4,0
Portland,1,ppo,1,5,offseason_decision,2026,offseason,1,0.6207457972183027,0,0,8.258739799935874,0.93,0.506402316719599,10.888189869646212,60.069630926671636,176.46557845932904,352.2810651583914,178.39594753265743,1.0,173.88511762573398,0.2538290373643363,1464.6770557285884,-3.1504530283677803,5,5,0,0,1,0
Portland,1,ppo,2,8,season_end,2027,offseason,0,0.6207457972183027,0,0,7.076739157519347,0.93,0.26400384157548573,4.411212812233636,99.37796282349538,152.08678748570162,434.4968011740388,114.70882466220625,1.0,319.78797651183254,0.13238660466327826,1440.4272501978228,-3.1546999923865524,6,5,0,0,1,0
Portland,1,ppo,2,9,offseason_decision,2027,offseason,0,0.6207457972183027,0,0,7.076739157519347,0.93,0.26400384157548573,4.411212812233636,99.37796282349538,152.08678748570162,434.4968011740388,114.70882466220625,1.0,319.78797651183254,0.13238660466327826,1440.4272501978228,-3.1546999923865524,6,5,0,0,4,0
Portland,1,ppo,3,12,season_end,2028,offseason,0,0.6207457972183027,0,0,6.804615336695252,0.93,0.5547694542081077,4.450585584073217,114.30727540017531,296.658875430914,440.4561177210675,244.35160003073867,1.0,196.10451769032886,0.11293073716352187,1418.684157458511,-3.140132587410922,6,5,0,0,4,0
Toronto,0,baseline,0,1,offseason_decision,2025,offseason,0,0.6148457972183027,0,3,5.0,0.0,0.2,0.0,0.0,5.0,335.0,67.0,1.0,268.0,0.545,1488.4828510831296,-4.241364390609727,3,2,2,1,2,0
Toronto,0,baseline,1,4,season_end,2026,offseason,1,0.6310457972183027,0,0,6.591126133316471,0.2079,0.18641103100690656,17.671588824230675,75.07089157883459,80.07089157883459,359.4207898432665,67.0,1.0,292.4207898432665,0.29904814030471194,1469.190844564497,-2.08613092937585,3,2,2,1,2,0
Toronto,0,baseline,1,5,offseason_decision,2026,offseason,1,0.6310457972183027,0,0,6.591126133316471,0.2079,0.18641103100690656,17.671588824230675,75.07089157883459,80.07089157883459,359.4207898432665,67.0,1.0,292.4207898432665,0.29904814030471194,1469.190844564497,-2.08613092937585,3,2,2,1,2,0
Toronto,0,baseline,2,8,season_end,2027,offseason,0,0.6310457972183027,0,0,6.7295181690244945,0.2079,0.1520204392689967,16.948948959147074,131.10910901443066,136.10910901443066,440.73020918881195,67.0,1.0,373.73020918881195,0.19217069101243303,1448.3955566378486,-1.942932688541538,3,2,2,1,2,0
Toronto,0,baseline,2,9,offseason_decision,2027,offseason,0,0.6310457972183027,0,0,6.7295181690244945,0.2079,0.1520204392689967,16.948948959147074,131.10910901443066,136.10910901443066,440.73020918881195,67.0,1.0,373.73020918881195,0.19217069101243303,1448.3955566378486,-1.942932688541538,3,2,2,1,2,0
Toronto,0,baseline,3,12,season_end,2028,offseason,0,0.6310457972183027,0,1,7.559671991574587,0.2079,0.13922490467219997,12.428384407077154,188.64203844128178,193.64203844128178,481.23573981069757,67.0,1.0,414.23573981069757,0.18105856365166104,1430.7550386642934,-2.040124346439193,3,2,2,1,2,0
Toronto,0,aggressive,0,1,offseason_decision,2025,offseason,0,0.6148457972183027,0,3,5.0,0.0,0.2,0.0,0.0,5.0,335.0,67.0,1.0,268.0,0.545,1488.4828510831296,-4.241364390609727,6,5,6,3,4,0
Toronto,0,aggressive,1,4,season_end,2026,offseason,1,0.6310457972183027,0,0,6.591126133316471,0.2079,0.4947061298977672,9.700198924469618,55.63428455065066,173.2214525675677,363.01787498373903,179.58716801691702,1.0,183.43070696682202,0.24406094708090872,1464.326477057427,-3.210853870699367,6,5,6,3,4,0
Toronto,0,aggressive,1,5,offseason_decision,2026,offseason,1,0.6310457972183027,0,0,6.591126133316471,0.2079,0.4947061298977672,9.700198924469618,55.63428455065066,173.2214525675677,363.01787498373903,179.58716801691702,1.0,183.43070696682202,0.24406094708090872,1464.326477057427,-3.210853870699367,6,5,6,3,2,0
Toronto,0,aggressive,2,8,season_end,2027,offseason,0,0.6310457972183027,0,0,6.7295181690244945,0.2079,0.4093654899040247,6.797744899399952,64.08116577844007,181.66833379535714,438.69640320443483,179.58716801691702,1.0,259.1092351875178,0.1170046059595668,1438.1772298517574,-3.0676556298650546,6,5,6,3,2,0
Toronto,0,aggressive,2,9,offseason_decision,2027,offseason,0,0.6310457972183027,0,0,6.7295181690244945,0.2079,0.4093654899040247,6.797744899399952,64.08116577844007,181.66833379535714,438.69640320443483,179.58716801691702,1.0,259.1092351875178,0.1170046059595668,1438.1772298517574,-3.0676556298650546,6,5,6,3,2,0
Toronto,0,aggressive,3,12,season_end,2028,offseason,0,0.6310457972183027,0,1,7.559671991574587,0.2079,0.3827730121932304,-0.1439413588157663,76.41902687670773,194.0061948936248,469.17405955009787,179.58716801691702,1.0,289.58689153318085,0.08793388768203257,1415.0604979769103,-3.164847287762709,6,5,6,3,2,0
Toronto,0,defensive,0,1,offseason_decision,2025,offseason,0,0.6148457972183027,0,3,5.0,0.0,0.2,0.0,0.0,5.0,335.0,67.0,1.0,268.0,0.545,1488.4828510831296,-4.241364390609727,3,1,2,3,1,0
Toronto,0,defensive,1,4,season_end,2026,offseason,1,0.6310457972183027,0,0,6.591126133316471,0.2079,0.02854791725590681,19.025952522345396,75.40860277016989,23.93207516324416,368.62487370762096,10.523472393074261,1.0,358.1014013145467,0.2926414696040174,1468.6104561231,-2.159274173842885,3,1,2,3,1,0
Toronto,0,defensive,1,5,offseason_decision,2026,offseason,1,0.6310457972183027,0,0,6.591126133316471,0.2079,0.02854791725590681,19.025952522345396,75.40860277016989,23.93207516324416,368.62487370762096,10.523472393074261,1.0,358.1014013145467,0.2926414696040174,1468.6104561231,-2.159274173842885,3,1,2,3,1,0
Toronto,0,defensive,2,8,season_end,2027,offseason,0,0.6310457972183027,0,0,6.7295181690244945,0.2079,0.0,19.788107178244637,146.4377282176533,84.43772821765333,462.08261116491127,0.0,1.0,462.08261116491127,0.18341679064270142,1447.2202584484826,-2.0160759330085734,3,1,2,3,1,0
Toronto,0,defensive,2,9,offseason_decision,2027,offseason,0,0.6310457972183027,0,0,6.7295181690244945,0.2079,0.0,19.788107178244637,146.4377282176533,84.43772821765333,462.08261116491127,0.0,1.0,462.08261116491127,0.18341679064270142,1447.2202584484826,-2.0160759330085734,3,1,2,3,1,0
Toronto,0,defensive,3,12,season_end,2028,offseason,0,0.6310457972183027,0,1,7.559671991574587,0.2079,0.0,16.785830598033073,218.51128099077872,156.51128099077877,515.832408616396,0.0,1.0,515.832408616396,0.17154086281735384,1429.0481037245604,-2.1132675909062275,3,1,2,3,1,0
Toronto,0,ppo,0,1,offseason_decision,2025,offseason,0,0.6148457972183027,0,3,5.0,0.0,0.2,0.0,0.0,5.0,335.0,67.0,1.0,268.0,0.545,1488.4828510831296,-4.241364390609727,2,5,2,2,4,0
Toronto,0,ppo,1,4,season_end,2026,offseason,1,0.6310457972183027,0,0,6.591126133316471,0.2079,0.4976375362463799,10.80558452537042,59.52283952405405,176.60802468037173,359.8707334401173,179.0851851563177,1.0,180.7855482837996,0.2666090291037456,1466.2961620522517,-2.6271654087747347,2,5,2,2,4,0
Toronto,0,ppo,1,5,offseason_decision,2026,offseason,1,0.6310457972183027,0,0,6.591126133316471,0.2079,0.4976375362463799,10.80558452537042,59.52283952405405,176.60802468037173,359.8707334401173,179.0851851563177,1.0,180.7855482837996,0.2666090291037456,1466.2961620522517,-2.6271654087747347,2,5,2,2,1,0
Toronto,0,ppo,2,8,season_end,2027,offseason,0,0.6310457972183027,0,0,6.7295181690244945,0.2079,0.2665401747465544,11.205338652344171,79.58986237018446,133.13668801865649,433.50622756341426,115.54682564847201,1.0,317.95940191494225,0.13744138057903338,1441.6185365381523,-2.7681208626674243,5,5,2,1,1,0
Toronto,0,ppo,2,9,offseason_decision,2027,offseason,0,0.6310457972183027,0,0,6.7295181690244945,0.2079,0.2665401747465544,11.205338652344171,79.58986237018446,133.13668801865649,433.50622756341426,115.54682564847201,1.0,317.95940191494225,0.13744138057903338,1441.6185365381523,-2.7681208626674243,5,0,4,2,4,0
Toronto,0,ppo,3,12,season_end,2028,offseason,0,0.6310457972183027,0,1,7.559671991574587,0.2079,0.5409797742577854,-3.0869211059548505,100.29228816895568,287.8223917041694,461.25588313826427,249.53010353521364,1.0,211.72577960305063,0.10374187215762722,1419.1760691847246,-2.979559730141663,2,5,4,2,4,0
Toronto,1,baseline,0,1,offseason_decision,2025,offseason,0,0.6148457972183027,0,3,5.0,0.0,0.2,0.0,0.0,5.0,335.0,67.0,1.0,268.0,0.545,1488.4828510831296,-4.241364390609727,3,2,2,1,2,0
Toronto,1,baseline,1,4,season_end,2026,offseason,1,0.6310457972183027,0,0,8.258739799935874,0.2079,0.183787985930161,18.04449649608705,76.08385231356586,81.08385231356586,364.5504882210301,67.0,1.0,297.5504882210301,0.3356710778288208,1471.813290975986,-2.0257300870442636,3,2,2,1,2,0
Toronto,1,baseline,1,5,offseason_decision,2026,offseason,1,0.6310457972183027,0,0,8.258739799935874,0.2079,0.183787985930161,18.04449649608705,76.08385231356586,81.08385231356586,364.5504882210301,67.0,1.0,297.5504882210301,0.3356710778288208,1471.813290975986,-2.0257300870442636,3,2,2,1,2,0
Toronto,1,baseline,2,8,season_end,2027,offseason,0,0.6310457972183027,0,0,7.076739157519347,0.2079,0.13794381164958755,12.626830768614598,150.30807238513097,155.30807238513097,485.7050069791973,67.0,1.0,418.7050069791973,0.23008654600685235,1452.9949623840394,-2.029977051063036,3,2,2,1,2,0
Toronto,1,baseline,2,9,offseason_decision,2027,offseason,0,0.6310457972183027,0,0,7.076739157519347,0.2079,0.13794381164958755,12.626830768614598,150.30807238513097,155.30807238513097,485.7050069791973,67.0,1.0,418.7050069791973,0.23008654600685235,1452.9949623840394,-2.029977051063036,3,2,2,1,2,0
Toronto,1,baseline,3,12,season_end,2028,offseason,0,0.6310457972183027,0,0,6.804615336695252,0.2079,0.12683273609817547,17.510609469332785,204.84166152655015,209.84166152655015,528.2547870617436,67.0,1.0,461.2547870617436,0.21850006985699189,1437.0199966791263,-2.015409646087405,3,2,2,1,2,0
Toronto,1,aggressive,0,1,offseason_decision,2025,offseason,0,0.6148457972183027,0,3,5.0,0.0,0.2,0.0,0.0,5.0,335.0,67.0,1.0,268.0,0.545,1488.4828510831296,-4.241364390609727,6,5,6,3,4,0
Toronto,1,aggressive,1,4,season_end,2026,offseason,1,0.6310457972183027,0,0,8.258739799935874,0.2079,0.4921601892035354,9.748033349379618,56.037601644740356,173.85264131072748,365.3587665369327,179.81503966598711,1.0,185.5437268709456,0.2538290373643363,1464.6770557285884,-3.1504530283677803,6,5,6,3,4,0
Toronto,1,aggressive,1,5,offseason_decision,2026,offseason,1,0.6310457972183027,0,0,8.258739799935874,0.2079,0.4921601892035354,9.748033349379618,56.037601644740356,173.85264131072748,365.3587665369327,179.81503966598711,1.0,185.5437268709456,0.2538290373643363,1464.6770557285884,-3.1504530283677803,6,5,6,3,2,0
Toronto,1,aggressive,2,8,season_end,2027,offseason,0,0.6310457972183027,0,0,7.076739157519347,0.2079,0.3763365948375897,0.5993883125667878,88.46793071831013,206.28297038429727,477.8037590088399,179.81503966598711,1.0,297.9887193428528,0.14429698748457792,1441.2236216411632,-3.1546999923865524,6,5,6,3,2,0
Toronto,1,aggressive,2,9,offseason_decision,2027,offseason,0,0.6310457972183027,0,0,7.076739157519347,0.2079,0.3763365948375897,0.5993883125667878,88.46793071831013,206.28297038429727,477.8037590088399,179.81503966598711,1.0,297.9887193428528,0.14429698748457792,1441.2236216411632,-3.1546999923865524,6,5,6,3,2,0
Toronto,1,aggressive,3,12,season_end,2028,offseason,0,0.6310457972183027,0,0,6.804615336695252,0.2079,0.3551046284924147,7.005375840064197,96.15810802046062,213.9731476864478,506.37199641521454,179.81503966598711,1.0,326.5569567492274,0.11722803637402814,1419.4686332791389,-3.140132587410922,6,5,6,3,2,0
Toronto,1,defensive,0,1,offseason_decision,2025,offseason,0,0.6148457972183027,0,3,5.0,0.0,0.2,0.0,0.0,5.0,335.0,67.0,1.0,268.0,0.545,1488.4828510831296,-4.241364390609727,3,1,2,3,1,0
Toronto,1,defensive,1,4,season_end,2026,offseason,1,0.6310457972183027,0,0,8.258739799935874,0.2079,0.027712199423761026,19.383829334725192,76.3863636022317,24.744757879451996,373.78463249433696,10.358394277220292,1.0,363.4262382171167,0.3283777869664858,1471.1669000256434,-2.0988733315112986,3,1,2,3,1,0
Toronto,1,defensive,1,5,offseason_decision,2026,offseason,1,0.6310457972183027,0,0,8.258739799935874,0.2079,0.027712199423761026,19.383829334725192,76.3863636022317,24.744757879451996,373.78463249433696,10.358394277220292,1.0,363.4262382171167,0.3283777869664858,1471.1669000256434,-2.0988733315112986,3,1,2,3,1,0
Toronto,1,defensive,2,8,season_end,2027,offseason,0,0.6310457972183027,0,0,7.076739157519347,0.2079,0.0,16.98847646335195,161.24112713588733,99.24112713588733,508.9234502458497,0.0,1.0,508.9234502458497,0.22138148962330684,1451.8288422396295,-2.103120295530071,3,1,2,3,1,0
Toronto,1,defensive,2,9,offseason_decision,2027,offseason,0,0.6310457972183027,0,0,7.076739157519347,0.2079,0.0,16.98847646335195,161.24112713588733,99.24112713588733,508.9234502458497,0.0,1.0,508.9234502458497,0.22138148962330684,1451.8288422396295,-2.103120295530071,3,1,2,3,1,0
Toronto,1,defensive,3,12,season_end,2028,offseason,0,0.6310457972183027,0,0,6.804615336695252,0.2079,0.0,20.32478271153897,231.725946951829,169.725946951829,565.8825932856753,0.0,1.0,565.8825932856753,0.20871475728039007,1435.2993158622658,-2.08855289055444,3,1,2,3,1,0
Toronto,1,ppo,0,1,offseason_decision,2025,offseason,0,0.6148457972183027,0,3,5.0,0.0,0.2,0.0,0.0,5.0,335.0,67.0,1.0,268.0,0.545,1488.4828510831296,-4.241364390609727,3,5,2,2,4,0
Toronto,1,ppo,1,4,season_end,2026,offseason,1,0.6310457972183027,0,0,8.258739799935874,0.2079,0.4885966332624197,11.57566532932865,61.05130937509832,178.6408356902399,367.5619398275429,179.58952631514157,1.0,187.97241351240135,0.3243910740641385,1470.8237946701968,-2.142668846633955,3,4,2,2,4,0
Toronto,1,ppo,1,5,offseason_decision,2026,offseason,1,0.6310457972183027,0,0,8.258739799935874,0.2079,0.4885966332624197,11.57566532932865,61.05130937509832,178.6408356902399,367.5619398275429,179.58952631514157,1.0,187.97241351240135,0.3243910740641385,1470.8237946701968,-2.142668846633955,2,2,0,2,1,0
Toronto,1,ppo,2,8,season_end,2027,offseason,0,0.6310457972183027,0,0,7.076739157519347,0.2079,0.22582417166533617,5.8965786495295625,107.66539940081218,156.66792256560973,491.5440289062568,111.0025231647975,1.0,380.54150574145933,0.21454126544967939,1451.0137503738292,-2.1704219692198263,3,5,0,2,1,0
Toronto,1,ppo,2,9,offseason_decision,2027,offseason,0,0.6310457972183027,0,0,7.076739157519347,0.2079,0.22582417166533617,5.8965786495295625,107.66539940081218,156.66792256560973,491.5440289062568,111.0025231647975,1.0,380.54150574145933,0.21454126544967939,1451.0137503738292,-2.1704219692198263,5,5,2,2,4,0
Toronto,1,ppo,3,12,season_end,2028,offseason,0,0.6310457972183027,0,0,6.804615336695252,0.2079,0.4891888102195422,5.75616441657408,125.44329695422246,324.9330485772306,534.5374754292817,261.4897516230081,1.0,273.0477238062736,0.21283793895239228,1434.3595495001325,-1.808717373391779,5,2,2,2,4,0
