Season,Date,home_abbr,away_abbr,home_pts,away_pts,home_win,opponent_abbr,ELO_t,opp_pre_elo_t,O_mean,O_var,O_p90,SOS_t,elo_avg_pre,O_t_list_json,O_len,O_mean_calc,O_var_calc,O_p90_calc
2001,2001-05-31,IND,HOU,78.0,82.0,0.0,HOU,1500.0,1488.5707376518324,,,,,1500.0,[],0,,,
2003,2003-05-29,CHA,IND,66.0,57.0,1.0,CHA,1500.0,1488.5707376518324,1511.4292623481676,0.0,1511.4292623481676,1.007619508232112,1499.9999999999998,[1511.429],1,1511.429,0.0,1511.429
2003,2003-05-31,IND,WAS,71.0,60.0,1.0,WAS,1491.1056167599518,1511.4292623481676,,,,,1499.9999999999998,[],0,,,
2004,2004-05-21,IND,NYL,69.0,67.0,1.0,NYL,1500.0,1500.0,1494.125060054977,34.62009140346729,1498.832167287473,0.9960833733699846,1500.0,"[1488.241,1500.009]",2,1494.125,34.62145600000017,1498.8322
2004,2004-05-23,IND,WAS,67.0,68.0,0.0,WAS,1508.5707376518324,1488.2411760143566,1500.0089440955974,0.0,1500.0089440955974,1.0000059627303983,1499.9999999999998,[1500.009],1,1500.009,0.0,1500.009
2004,2004-05-28,CHA,IND,63.0,41.0,1.0,CHA,1496.5736927498972,1500.0089440955974,,,,,1500.0,[],0,,,
2005,2005-05-22,IND,CHA,68.0,58.0,1.0,CHA,1500.0,1488.5707376518324,1495.8688371652363,103.0248234073712,1505.940705258381,0.9972458914434912,1499.9999999999998,"[1488.571,1488.813,1510.223]",3,1495.869,103.0284186666662,1505.941
2005,2005-05-24,IND,PHO,83.0,76.0,1.0,PHO,1508.250120109954,1488.5707376518324,1499.5178869219385,114.59054273039418,1508.081644703862,0.9996785912812924,1500.0,"[1488.813,1510.223]",2,1499.518,114.59702499999844,1508.0819999999999
2005,2005-05-26,NYL,IND,59.0,67.0,0.0,NYL,1516.27104922932,1488.8131896945345,1510.2225841493428,0.0,1510.2225841493428,1.006815056099562,1499.9999999999998,[1510.223],1,1510.223,0.0,1510.223
2005,2005-05-29,HOU,IND,86.0,78.0,1.0,HOU,1526.918955298223,1510.2225841493428,,,,,1499.9999999999998,[],0,,,
2006,2006-05-20,IND,DET,67.0,60.0,1.0,DET,1500.0,1500.0,1501.7453562001067,140.2924470669022,1512.2021494668058,1.0011635708000712,1500.0,"[1511.429,1499.92,1483.099,1512.533]",4,1501.74525,140.29118518750045,1512.2018
2006,2006-05-23,SAS,IND,53.0,62.0,0.0,SAS,1508.5707376518324,1511.4292623481676,1498.5173874840864,145.37746796277915,1510.0106098879924,0.9990115916560576,1500.0,"[1499.92,1483.099,1512.533]",3,1498.5173333333332,145.3771295555554,1510.0104
2006,2006-05-26,CHI,IND,60.0,75.0,0.0,CHI,1520.080497773498,1499.919502226502,1497.8163301128784,216.5917576309939,1509.5899754652676,0.9985442200752522,1500.0,"[1483.099,1512.533]",2,1497.8159999999998,216.59008899999955,1509.5896
2006,2006-05-30,IND,NYL,91.0,70.0,1.0,NYL,1530.937227984194,1483.099273422392,1512.533386803365,0.0,1512.533386803365,1.0083555912022433,1500.0,[1512.533],1,1512.533,0.0,1512.533
2006,2006-05-31,HOU,IND,73.0,60.0,1.0,HOU,1538.1933727960472,1512.533386803365,,,,,1499.9999999999998,[],0,,,
2007,2007-05-19,IND,MIN,83.0,64.0,1.0,MIN,1500.0,1500.0,1486.1040046047506,629.1471418198252,1506.1702491653225,0.9907360030698336,1500.0,"[1511.187,1461.021]",2,1486.1039999999998,629.1568889999985,1506.1704
2007,2007-05-24,IND,LAS,83.0,70.0,1.0,LAS,1508.5707376518324,1511.1868103054655,1461.0211989040354,0.0,1461.0211989040354,0.9740141326026902,1500.0,[1461.021],1,1461.021,0.0,1461.021
2007,2007-05-29,MIN,IND,75.0,89.0,0.0,MIN,1517.2153118412662,1461.0211989040354,,,,,1500.0,[],0,,,
2008,2008-05-17,IND,WAS,64.0,53.0,1.0,WAS,1500.0,1500.0,1519.1860301135912,130.91451439825613,1527.5163558297895,1.012790686742394,1500.0,"[1499.758,1527.534,1521.977,1527.475]",4,1519.1860000000001,130.9083724999998,1527.5163
2008,2008-05-21,DET,IND,76.0,71.0,1.0,DET,1508.5707376518324,1499.757547957298,1525.6621908323552,6.790055243274886,1527.5221968689602,1.0171081272215703,1499.9999999999998,"[1527.534,1521.977,1527.475]",3,1525.6620000000003,6.79019266666647,1527.5222
2008,2008-05-27,CON,IND,46.0,75.0,0.0,CON,1499.7506673489183,1527.5338789473014,1524.7263467748824,7.557670565189584,1526.9256441994526,1.016484231183255,1500.0,"[1521.977,1527.475]",2,1524.726,7.557000999999505,1526.9252
2008,2008-05-29,IND,LAS,82.0,78.0,1.0,LAS,1511.9527795157585,1521.9772249941695,1527.4754685555952,0.0,1527.4754685555952,1.0183169790370634,1500.0,[1527.475],1,1527.475,0.0,1527.475
2008,2008-05-31,IND,DET,65.0,74.0,0.0,DET,1520.8072411993282,1527.4754685555952,,,,,1500.0,[],0,,,
2009,2009-06-06,ATL,IND,87.0,86.0,1.0,ATL,1500.0,1500.0,1507.5879226343015,1558.266205299621,1573.6713624313068,1.0050586150895344,1500.0,"[1508.571,1519.362,1491.502,1489.609,1478.439,1485.483,1474.97,1507.348,1487.554,1498.552,1501.314,1493.377,1507.733,1506.146,1483.147,1511.324,1513.785,1514.456,1499.705,1578.137,1478.333,1485.319,1482.608,1429.006,1512.443,1461.604,1437.126,1564.464,1509.264,1485.119,1454.004,1483.489,1469.772,1478.342,1488.756,1544.572,1553.006,1563.818,1568.077,1575.07,1581.701,1590.696,1579.181]",43,1507.588,1558.2642859999994,1573.6714
2009,2009-06-07,IND,MIN,74.0,96.0,0.0,MIN,1491.4292623481676,1508.5707376518324,1507.5645222767412,1595.344235816719,1574.3706533769289,1.0050430148511609,1499.9999999999998,"[1519.362,1491.502,1489.609,1478.439,1485.483,1474.97,1507.348,1487.554,1498.552,1501.314,1493.377,1507.733,1506.146,1483.147,1511.324,1513.785,1514.456,1499.705,1578.137,1478.333,1485.319,1482.608,1429.006,1512.443,1461.604,1437.126,1564.464,1509.264,1485.119,1454.004,1483.489,1469.772,1478.342,1488.756,1544.572,1553.006,1563.818,1568.077,1575.07,1581.701,1590.696,1579.181]",42,1507.564595238095,1595.3422619552148,1574.3707
2009,2009-06-09,IND,SEA,73.0,66.0,1.0,SEA,1480.4863276135525,1519.3624336896223,1507.2767683398415,1630.777373052189,1575.0699443225506,1.004851178893228,1499.9999999999998,"[1491.502,1489.609,1478.439,1485.483,1474.97,1507.348,1487.554,1498.552,1501.314,1493.377,1507.733,1506.146,1483.147,1511.324,1513.785,1514.456,1499.705,1578.137,1478.333,1485.319,1482.608,1429.006,1512.443,1461.604,1437.126,1564.464,1509.264,1485.119,1454.004,1483.489,1469.772,1478.342,1488.756,1544.572,1553.006,1563.818,1568.077,1575.07,1581.701,1590.696,1579.181]",41,1507.2768536585365,1630.7756497346809,1575.07
2009,2009-06-12,IND,LAS,73.0,61.0,1.0,LAS,1490.1662655669245,1491.5016083206326,1507.6711473403218,1665.1698807416826,1575.376631013355,1.0051140982268811,1500.0,"[1489.609,1478.439,1485.483,1474.97,1507.348,1487.554,1498.552,1501.314,1493.377,1507.733,1506.146,1483.147,1511.324,1513.785,1514.456,1499.705,1578.137,1478.333,1485.319,1482.608,1429.006,1512.443,1461.604,1437.126,1564.464,1509.264,1485.119,1454.004,1483.489,1469.772,1478.342,1488.756,1544.572,1553.006,1563.818,1568.077,1575.07,1581.701,1590.696,1579.181]",40,1507.671225,1665.1683620243741,1575.3767
2009,2009-06-19,DET,IND,54.0,66.0,0.0,DET,1498.7746728487484,1489.6088065524532,1508.134284283601,1699.286711221263,1575.6833177041597,1.0054228561890672,1500.0,"[1478.439,1485.483,1474.97,1507.348,1487.554,1498.552,1501.314,1493.377,1507.733,1506.146,1483.147,1511.324,1513.785,1514.456,1499.705,1578.137,1478.333,1485.319,1482.608,1429.006,1512.443,1461.604,1437.126,1564.464,1509.264,1485.119,1454.004,1483.489,1469.772,1478.342,1488.756,1544.572,1553.006,1563.818,1568.077,1575.07,1581.701,1590.696,1579.181]",39,1508.1343589743592,1699.285263563444,1575.6834
2009,2009-06-21,IND,DET,82.0,70.0,1.0,DET,1509.9445918252609,1478.4388875759407,1508.915742091697,1720.1884066416376,1575.990004394964,1.0059438280611313,1500.0,"[1485.483,1474.97,1507.348,1487.554,1498.552,1501.314,1493.377,1507.733,1506.146,1483.147,1511.324,1513.785,1514.456,1499.705,1578.137,1478.333,1485.319,1482.608,1429.006,1512.443,1461.604,1437.126,1564.464,1509.264,1485.119,1454.004,1483.489,1469.772,1478.342,1488.756,1544.572,1553.006,1563.818,1568.077,1575.07,1581.701,1590.696,1579.181]",38,1508.9158157894735,1720.1869814134338,1575.9901
2009,2009-06-26,NYL,IND,81.0,82.0,0.0,NYL,1517.640777186784,1485.4829574209227,1509.5490605963128,1751.4384767245592,1576.2966910857683,1.006366040397542,1500.0,"[1474.97,1507.348,1487.554,1498.552,1501.314,1493.377,1507.733,1506.146,1483.147,1511.324,1513.785,1514.456,1499.705,1578.137,1478.333,1485.319,1482.608,1429.006,1512.443,1461.604,1437.126,1564.464,1509.264,1485.119,1454.004,1483.489,1469.772,1478.342,1488.756,1544.572,1553.006,1563.818,1568.077,1575.07,1581.701,1590.696,1579.181]",37,1509.5491351351352,1751.436972495251,1576.2967999999998
2009,2009-06-27,IND,NYL,63.0,54.0,1.0,NYL,1528.153865450853,1474.9698691568535,1510.509593691853,1765.9524639002036,1576.603377776573,1.0070063957945683,1500.0000000000002,"[1507.348,1487.554,1498.552,1501.314,1493.377,1507.733,1506.146,1483.147,1511.324,1513.785,1514.456,1499.705,1578.137,1478.333,1485.319,1482.608,1429.006,1512.443,1461.604,1437.126,1564.464,1509.264,1485.119,1454.004,1483.489,1469.772,1478.342,1488.756,1544.572,1553.006,1563.818,1568.077,1575.07,1581.701,1590.696,1579.181]",36,1510.5096666666666,1765.9510290555545,1576.6035
2009,2009-07-02,IND,CON,67.0,53.0,1.0,CON,1535.2683327412042,1507.3476294113427,1510.5999355284391,1816.114429275308,1576.9100644673777,1.0070666236856258,1500.0000000000002,"[1487.554,1498.552,1501.314,1493.377,1507.733,1506.146,1483.147,1511.324,1513.785,1514.456,1499.705,1578.137,1478.333,1485.319,1482.608,1429.006,1512.443,1461.604,1437.126,1564.464,1509.264,1485.119,1454.004,1483.489,1469.772,1478.342,1488.756,1544.572,1553.006,1563.818,1568.077,1575.07,1581.701,1590.696,1579.181]",35,1510.6,1816.1130087428562,1576.9102
2009,2009-07-05,IND,ATL,78.0,74.0,1.0,ATL,1543.0624554752594,1487.5542382766455,1511.2777501534918,1853.4494162403723,1577.2167511581822,1.0075185001023277,1500.0000000000002,"[1498.552,1501.314,1493.377,1507.733,1506.146,1483.147,1511.324,1513.785,1514.456,1499.705,1578.137,1478.333,1485.319,1482.608,1429.006,1512.443,1461.604,1437.126,1564.464,1509.264,1485.119,1454.004,1483.489,1469.772,1478.342,1488.756,1544.572,1553.006,1563.818,1568.077,1575.07,1581.701,1590.696,1579.181]",34,1511.2778235294118,1853.4475314394456,1577.2169
2009,2009-07-10,CHI,IND,54.0,83.0,0.0,CHI,1550.115715372233,1498.5519969957115,1511.6633790370606,1904.5584224471845,1577.5234378489863,1.0077755860247068,1500.0000000000002,"[1501.314,1493.377,1507.733,1506.146,1483.147,1511.324,1513.785,1514.456,1499.705,1578.137,1478.333,1485.319,1482.608,1429.006,1512.443,1461.604,1437.126,1564.464,1509.264,1485.119,1454.004,1483.489,1469.772,1478.342,1488.756,1544.572,1553.006,1563.818,1568.077,1575.07,1581.701,1590.696,1579.181]",33,1511.6634545454544,1904.5564246115694,1577.5236
2009,2009-07-15,IND,CHI,84.0,74.0,1.0,CHI,1560.0707082433382,1501.3140108120056,1511.9867967940938,1960.624104645039,1577.830124539791,1.0079911978627292,1500.0,"[1493.377,1507.733,1506.146,1483.147,1511.324,1513.785,1514.456,1499.705,1578.137,1478.333,1485.319,1482.608,1429.006,1512.443,1461.604,1437.126,1564.464,1509.264,1485.119,1454.004,1483.489,1469.772,1478.342,1488.756,1544.572,1553.006,1563.818,1568.077,1575.07,1581.701,1590.696,1579.181]",32,1511.986875,1960.6219867968741,1577.8302999999999
2009,2009-07-17,IND,ATL,84.0,79.0,1.0,ATL,1567.0388251853724,1493.377056838529,1512.5871109862094,2012.337975368407,1578.1368112305956,1.0083914073241396,1500.0,"[1507.733,1506.146,1483.147,1511.324,1513.785,1514.456,1499.705,1578.137,1478.333,1485.319,1482.608,1429.006,1512.443,1461.604,1437.126,1564.464,1509.264,1485.119,1454.004,1483.489,1469.772,1478.342,1488.756,1544.572,1553.006,1563.818,1568.077,1575.07,1581.701,1590.696,1579.181]",31,1512.587193548387,2012.3356218335057,1578.137
2009,2009-07-19,CON,IND,67.0,61.0,1.0,CON,1573.6226096606565,1507.7332442739084,1512.7489065432858,2078.6043960097045,1578.241192372907,1.0084992710288574,1499.9999999999998,"[1506.146,1483.147,1511.324,1513.785,1514.456,1499.705,1578.137,1478.333,1485.319,1482.608,1429.006,1512.443,1461.604,1437.126,1564.464,1509.264,1485.119,1454.004,1483.489,1469.772,1478.342,1488.756,1544.572,1553.006,1563.818,1568.077,1575.07,1581.701,1590.696,1579.181]",30,1512.7489999999996,2078.6018547333324,1578.2413999999999
2009,2009-07-21,WAS,IND,70.0,82.0,0.0,WAS,1563.165595537663,1506.1462613013389,1512.9765839654217,2148.7252994086957,1578.3455735152188,1.008651055976948,1499.9999999999998,"[1483.147,1511.324,1513.785,1514.456,1499.705,1578.137,1478.333,1485.319,1482.608,1429.006,1512.443,1461.604,1437.126,1564.464,1509.264,1485.119,1454.004,1483.489,1469.772,1478.342,1488.756,1544.572,1553.006,1563.818,1568.077,1575.07,1581.701,1590.696,1579.181]",29,1512.976689655172,2148.722503386444,1578.3458
2009,2009-07-23,SAS,IND,84.0,65.0,1.0,SAS,1572.9635903415146,1483.1468923827977,1514.0419300933725,2192.551579875436,1578.4499546575305,1.009361286728915,1500.0,"[1511.324,1513.785,1514.456,1499.705,1578.137,1478.333,1485.319,1482.608,1429.006,1512.443,1461.604,1437.126,1564.464,1509.264,1485.119,1454.004,1483.489,1469.772,1478.342,1488.756,1544.572,1553.006,1563.818,1568.077,1575.07,1581.701,1590.696,1579.181]",28,1514.0420357142855,2192.5486882487235,1578.4502
2009,2009-07-28,IND,WAS,85.0,81.0,1.0,WAS,1561.8225645206994,1511.3238312125875,1514.1426004222903,2273.4734275214114,1578.554335799842,1.0094284002815268,1500.0,"[1513.785,1514.456,1499.705,1578.137,1478.333,1485.319,1482.608,1429.006,1512.443,1461.604,1437.126,1564.464,1509.264,1485.119,1454.004,1483.489,1469.772,1478.342,1488.756,1544.572,1553.006,1563.818,1568.077,1575.07,1581.701,1590.696,1579.181]",27,1514.1427037037038,2273.470441986281,1578.5546
2009,2009-07-30,IND,CON,94.0,85.0,1.0,CON,1569.0080416060164,1513.7847387599231,1514.1563643323814,2360.9095981743453,1578.6587169421537,1.0094375762215877,1500.0,"[1514.456,1499.705,1578.137,1478.333,1485.319,1482.608,1429.006,1512.443,1461.604,1437.126,1564.464,1509.264,1485.119,1454.004,1483.489,1469.772,1478.342,1488.756,1544.572,1553.006,1563.818,1568.077,1575.07,1581.701,1590.696,1579.181]",26,1514.1564615384616,2360.9065023254425,1578.659
2009,2009-08-02,WAS,IND,79.0,87.0,0.0,WAS,1576.0687917339144,1514.455551702955,1514.1443968375584,2455.342258357078,1578.7630980844651,1.0094295978917056,1500.0,"[1499.705,1578.137,1478.333,1485.319,1482.608,1429.006,1512.443,1461.604,1437.126,1564.464,1509.264,1485.119,1454.004,1483.489,1469.772,1478.342,1488.756,1544.572,1553.006,1563.818,1568.077,1575.07,1581.701,1590.696,1579.181]",25,1514.1444799999997,2455.339029929599,1578.7634
2009,2009-08-05,IND,CHI,76.0,67.0,1.0,CHI,1585.7346602458213,1499.7049739553645,1514.74603945765,2548.598839730861,1578.8674792267766,1.0098306929717666,1500.0,"[1578.137,1478.333,1485.319,1482.608,1429.006,1512.443,1461.604,1437.126,1564.464,1509.264,1485.119,1454.004,1483.489,1469.772,1478.342,1488.756,1544.572,1553.006,1563.818,1568.077,1575.07,1581.701,1590.696,1579.181]",24,1514.746125,2548.595405192707,1578.8678
2009,2009-08-08,PHO,IND,83.0,90.0,0.0,PHO,1592.0079192983585,1578.1368112305956,1511.9899189457824,2477.098678314107,1578.3584869874792,1.0079932792971882,1500.0,"[1478.333,1485.319,1482.608,1429.006,1512.443,1461.604,1437.126,1564.464,1509.264,1485.119,1454.004,1483.489,1469.772,1478.342,1488.756,1544.572,1553.006,1563.818,1568.077,1575.07,1581.701,1590.696,1579.181]",23,1511.9899999999998,2477.094500695651,1578.3588
2009,2009-08-10,LAS,IND,75.0,63.0,1.0,LAS,1603.0440603654413,1478.3327683434322,1513.519789427707,2535.8624878792234,1578.7695548205954,1.009013192951805,1500.0,"[1485.319,1482.608,1429.006,1512.443,1461.604,1437.126,1564.464,1509.264,1485.119,1454.004,1483.489,1469.772,1478.342,1488.756,1544.572,1553.006,1563.818,1568.077,1575.07,1581.701,1590.696,1579.181]",22,1513.5198636363637,2535.8586021177675,1578.7699
2009,2009-08-13,MIN,IND,81.0,91.0,0.0,MIN,1590.9262394719008,1485.3187809030676,1514.8626945955475,2616.9431700690507,1579.1806226537117,1.0099084630636983,1500.0,"[1482.608,1429.006,1512.443,1461.604,1437.126,1564.464,1509.264,1485.119,1454.004,1483.489,1469.772,1478.342,1488.756,1544.572,1553.006,1563.818,1568.077,1575.07,1581.701,1590.696,1579.181]",21,1514.862761904762,2616.9395069433094,1579.181
2009,2009-08-15,IND,DET,82.0,59.0,1.0,DET,1599.3392559879237,1482.6078905293011,1516.47543479886,2693.170778341525,1579.4326885930318,1.01098362319924,1500.0,"[1429.006,1512.443,1461.604,1437.126,1564.464,1509.264,1485.119,1454.004,1483.489,1469.772,1478.342,1488.756,1544.572,1553.006,1563.818,1568.077,1575.07,1581.701,1590.696,1579.181]",20,1516.4755,2693.1670748499987,1579.433
2009,2009-08-20,SAC,IND,67.0,62.0,1.0,SAC,1604.877689301927,1429.006176858404,1521.079079953621,2411.0456345614916,1579.684754532352,1.0140527199690808,1500.0,"[1512.443,1461.604,1437.126,1564.464,1509.264,1485.119,1454.004,1483.489,1469.772,1478.342,1488.756,1544.572,1553.006,1563.818,1568.077,1575.07,1581.701,1590.696,1579.181]",19,1521.079157894737,2411.039390132964,1579.685
2009,2009-08-22,SEA,IND,74.0,60.0,1.0,SEA,1591.405417419464,1512.4430084381047,1521.558861704483,2540.6189942186083,1579.9368204716725,1.0143725744696552,1500.0,"[1461.604,1437.126,1564.464,1509.264,1485.119,1454.004,1483.489,1469.772,1478.342,1488.756,1544.572,1553.006,1563.818,1568.077,1575.07,1581.701,1590.696,1579.181]",18,1521.5589444444445,2540.612315385802,1579.9370000000001
2009,2009-08-27,IND,SAS,77.0,66.0,1.0,SAS,1580.5737378281904,1461.6041297363747,1525.0856106437836,2466.183924893687,1580.1888864109928,1.0167237404291891,1499.9999999999998,"[1437.126,1564.464,1509.264,1485.119,1454.004,1483.489,1469.772,1478.342,1488.756,1544.572,1553.006,1563.818,1568.077,1575.07,1581.701,1590.696,1579.181]",17,1525.085705882353,2466.1752663252596,1580.189
2009,2009-08-29,IND,SAC,78.0,79.0,0.0,SAC,1586.0607214617007,1437.1255221537467,1530.5831161744106,2106.536780191822,1580.4409523503132,1.0203887441162738,1500.0,"[1564.464,1509.264,1485.119,1454.004,1483.489,1469.772,1478.342,1488.756,1544.572,1553.006,1563.818,1568.077,1575.07,1581.701,1590.696,1579.181]",16,1530.5831875000001,2106.532050152344,1580.441
2009,2009-09-02,IND,PHO,90.0,106.0,0.0,PHO,1570.888195029049,1564.4644171101493,1528.3243627786946,2165.3410950954135,1580.6930182896333,1.0188829085191298,1500.0,"[1509.264,1485.119,1454.004,1483.489,1469.772,1478.342,1488.756,1544.572,1553.006,1563.818,1568.077,1575.07,1581.701,1590.696,1579.181]",15,1528.3244666666665,2165.3384033155553,1580.693
2009,2009-09-04,DET,IND,70.0,63.0,1.0,DET,1559.2783163041463,1509.263932550644,1529.6858220806985,2292.2047447084747,1580.9450842289536,1.0197905480537992,1499.9999999999998,"[1485.119,1454.004,1483.489,1469.772,1478.342,1488.756,1544.572,1553.006,1563.818,1568.077,1575.07,1581.701,1590.696,1579.181]",14,1529.6859285714286,2292.2017543520406,1580.945
2009,2009-09-06,IND,WAS,72.0,61.0,1.0,WAS,1549.2779023064418,1485.1188708025038,1533.114049102098,2303.989819465567,1581.197150168274,1.022076032734732,1500.0,"[1454.004,1483.489,1469.772,1478.342,1488.756,1544.572,1553.006,1563.818,1568.077,1575.07,1581.701,1590.696,1579.181]",13,1533.1141538461538,2303.9867667455615,1581.1970000000001
2009,2009-09-08,NYL,IND,63.0,69.0,0.0,NYL,1556.105494662623,1454.003915301723,1539.7065602521295,1930.993328664975,1581.4492161075943,1.0264710401680863,1500.0,"[1483.489,1469.772,1478.342,1488.756,1544.572,1553.006,1563.818,1568.077,1575.07,1581.701,1590.696,1579.181]",12,1539.7066666666667,1930.9897352222204,1581.449
2009,2009-09-10,CHI,IND,86.0,79.0,1.0,CHI,1564.6170315511536,1483.4887955562097,1544.8172661335766,1793.106401445515,1581.701282046915,1.0298781774223846,1499.9999999999998,"[1469.772,1478.342,1488.756,1544.572,1553.006,1563.818,1568.077,1575.07,1581.701,1590.696,1579.181]",11,1544.8173636363638,1793.1035744132214,1581.701
2009,2009-09-13,CON,IND,95.0,85.0,1.0,CON,1553.723478510011,1469.7716881867327,1552.321823928261,1352.914776958728,1582.6007198044742,1.034881215952174,1500.0,"[1478.342,1488.756,1544.572,1553.006,1563.818,1568.077,1575.07,1581.701,1590.696,1579.181]",10,1552.3219,1352.915205489997,1582.6005
2009,2009-09-17,WAS,IND,92.0,91.0,1.0,WAS,1542.7493661935357,1478.341660394705,1560.541842098656,827.5516538489989,1583.5001575620338,1.0403612280657706,1500.0,"[1488.756,1544.572,1553.006,1563.818,1568.077,1575.07,1581.701,1590.696,1579.181]",9,1560.541888888889,827.5569438765415,1583.5
2009,2009-09-19,IND,WAS,75.0,74.0,1.0,WAS,1532.3349166287928,1488.7561099594477,1569.515058616057,206.32807856669547,1584.3995953195931,1.046343372410705,1499.9999999999998,"[1544.572,1553.006,1563.818,1568.077,1575.07,1581.701,1590.696,1579.181]",8,1569.515125,206.330865109375,1584.3995
2009,2009-09-23,DET,IND,100.0,92.0,1.0,DET,1539.7047970966205,1544.572202596189,1573.0783237617525,134.22865037371542,1585.299033077153,1.048718882507835,1499.9999999999998,"[1553.006,1563.818,1568.077,1575.07,1581.701,1590.696,1579.181]",7,1573.0784285714285,134.22964424489717,1585.299
2009,2009-09-25,IND,DET,94.0,103.0,0.0,DET,1531.2710096062413,1553.0059900865683,1576.4237127076165,78.25870170890401,1586.198470834713,1.0509491418050778,1499.9999999999998,"[1563.818,1568.077,1575.07,1581.701,1590.696,1579.181]",6,1576.4238333333333,78.25912047222198,1586.1985
2009,2009-09-26,IND,DET,76.0,87.0,0.0,DET,1520.45926695913,1563.8177327336796,1578.9449087024036,55.77186658589358,1587.0979085922722,1.052629939134936,1499.9999999999998,"[1568.077,1575.07,1581.701,1590.696,1579.181]",5,1578.9450000000002,55.77325639999973,1587.098
2009,2009-09-29,PHO,IND,85.0,74.0,1.0,PHO,1510.2681315186385,1568.0770348663318,1581.6618771614217,32.8052451958739,1587.9973463498318,1.0544412514409478,1500.0,"[1575.07,1581.701,1590.696,1579.181]",4,1581.6619999999998,32.806125499999766,1587.9975
2009,2009-10-01,PHO,IND,120.0,116.0,1.0,PHO,1503.2752220624195,1575.0699443225506,1583.8591881077125,24.42762534908124,1588.896784107391,1.0559061254051416,1500.0,"[1581.701,1590.696,1579.181]",3,1583.859333333333,24.428405555555003,1588.897
2009,2009-10-04,IND,PHO,84.0,93.0,0.0,PHO,1496.6438843380556,1581.701282046915,1584.938141138111,33.14901909820189,1589.5441559256303,1.0566254274254072,1500.0,"[1590.696,1579.181]",2,1584.9385,33.14880624999927,1589.5445
2009,2009-10-07,IND,PHO,86.0,85.0,1.0,PHO,1487.64950676246,1590.6956596225104,1579.1806226537117,0.0,1579.1806226537117,1.052787081769141,1500.0,[1579.181],1,1579.181,0.0,1579.181
2009,2009-10-09,PHO,IND,77.0,90.0,0.0,PHO,1499.1645437312588,1579.1806226537117,,,,,1500.0,[],0,,,
2010,2010-05-15,IND,WAS,65.0,72.0,0.0,WAS,1500.0,1500.0,1485.9787151387934,232.46897024219945,1502.930265670435,0.9906524767591957,1500.0,"[1511.429,1483.099,1471.601,1477.786]",4,1485.9787500000002,232.46225818750014,1502.93
2010,2010-05-16,ATL,IND,66.0,62.0,1.0,ATL,1488.5707376518324,1511.4292623481676,1477.4951994023356,22.078469986674417,1482.0365484520455,0.9849967996015572,1500.0,"[1483.099,1471.601,1477.786]",3,1477.4953333333333,22.076244222221543,1482.0364
2010,2010-05-22,CHI,IND,86.0,92.0,0.0,CHI,1480.6375663103777,1483.099273422392,1474.6931623923074,9.563470763308205,1477.1671513349902,0.9831287749282048,1500.0,"[1471.601,1477.786]",2,1474.6935,9.56355624999983,1477.1675
2010,2010-05-23,IND,CHI,69.0,61.0,1.0,CHI,1492.1361635188157,1471.6006762139536,1477.785648570661,0.0,1477.785648570661,0.9851904323804406,1500.0,[1477.786],1,1477.786,0.0,1477.786
2010,2010-05-29,TUL,IND,79.0,74.0,1.0,TUL,1500.1334286544973,1477.785648570661,,,,,1500.0,[],0,,,
2011,2011-06-04,IND,CHI,65.0,57.0,1.0,CHI,1500.0,1500.0,1499.0215611639987,2338.799204947731,1550.2676287403476,0.999347707442666,1500.0,"[1511.429,1522.778,1464.591,1497.148,1472.902,1471.084,1517.637,1528.258,1517.786,1519.384,1450.362,1517.321,1522.986,1521.688,1459.665,1494.804,1549.261,1419.771,1477.168,1367.638,1466.645,1521.869,1513.224,1513.823,1459.992,1398.398,1526.96,1539.638,1535.896,1483.684,1370.404,1528.318,1552.616,1529.237,1537.968,1563.653,1554.269,1562.564]",38,1499.021552631579,2338.791356036705,1550.2675
2011,2011-06-10,IND,NYL,80.0,81.0,0.0,NYL,1508.5707376518324,1511.4292623481676,1498.686217888751,2397.7367000049935,1550.603094614524,0.9991241452591672,1500.0,"[1522.778,1464.591,1497.148,1472.902,1471.084,1517.637,1528.258,1517.786,1519.384,1450.362,1517.321,1522.986,1521.688,1459.665,1494.804,1549.261,1419.771,1477.168,1367.638,1466.645,1521.869,1513.224,1513.823,1459.992,1398.398,1526.96,1539.638,1535.896,1483.684,1370.404,1528.318,1552.616,1529.237,1537.968,1563.653,1554.269,1562.564]",37,1498.6862162162163,2397.72881379109,1550.603
2011,2011-06-11,NYL,IND,80.0,86.0,0.0,NYL,1497.2221626144474,1522.7778373855526,1498.017006236062,2447.7702604918527,1550.9385604887002,0.9986780041573748,1500.0,"[1464.591,1497.148,1472.902,1471.084,1517.637,1528.258,1517.786,1519.384,1450.362,1517.321,1522.986,1521.688,1459.665,1494.804,1549.261,1419.771,1477.168,1367.638,1466.645,1521.869,1513.224,1513.823,1459.992,1398.398,1526.96,1539.638,1535.896,1483.684,1370.404,1528.318,1552.616,1529.237,1537.968,1563.653,1554.269,1562.564]",36,1498.017,2447.7619292222244,1550.9385
2011,2011-06-14,IND,TUL,82.0,74.0,1.0,TUL,1509.3631847670529,1464.5912282283098,1498.9720284648552,2484.872125179173,1551.2740263628766,0.9993146856432368,1500.0,"[1497.148,1472.902,1471.084,1517.637,1528.258,1517.786,1519.384,1450.362,1517.321,1522.986,1521.688,1459.665,1494.804,1549.261,1419.771,1477.168,1367.638,1466.645,1521.869,1513.224,1513.823,1459.992,1398.398,1526.96,1539.638,1535.896,1483.684,1370.404,1528.318,1552.616,1529.237,1537.968,1563.653,1554.269,1562.564]",35,1498.9720285714286,2484.8631197420427,1551.274
2011,2011-06-17,SEA,IND,68.0,54.0,1.0,SEA,1516.7011281840091,1497.1480163066526,1499.0256758812727,2557.855867864058,1551.609492237053,0.9993504505875151,1500.0,"[1472.902,1471.084,1517.637,1528.258,1517.786,1519.384,1450.362,1517.321,1522.986,1521.688,1459.665,1494.804,1549.261,1419.771,1477.168,1367.638,1466.645,1521.869,1513.224,1513.823,1459.992,1398.398,1526.96,1539.638,1535.896,1483.684,1370.404,1528.318,1552.616,1529.237,1537.968,1563.653,1554.269,1562.564]",34,1499.0256764705882,2557.8465957482717,1551.6095
2011,2011-06-19,PHO,IND,93.0,89.0,1.0,PHO,1507.575223651956,1472.9015077111692,1499.8173173409727,2614.0589809143785,1551.9449581112294,0.9998782115606484,1500.0,"[1471.084,1517.637,1528.258,1517.786,1519.384,1450.362,1517.321,1522.986,1521.688,1459.665,1494.804,1549.261,1419.771,1477.168,1367.638,1466.645,1521.869,1513.224,1513.823,1459.992,1398.398,1526.96,1539.638,1535.896,1483.684,1370.404,1528.318,1552.616,1529.237,1537.968,1563.653,1554.269,1562.564]",33,1499.8173030303033,2614.0502299081745,1551.945
2011,2011-06-21,WAS,IND,80.0,89.0,0.0,WAS,1498.016063657548,1471.0837996662858,1500.715239768307,2669.141589446145,1552.2804239854058,1.0004768265122044,1500.0,"[1517.637,1528.258,1517.786,1519.384,1450.362,1517.321,1522.986,1521.688,1459.665,1494.804,1549.261,1419.771,1477.168,1367.638,1466.645,1521.869,1513.224,1513.823,1459.992,1398.398,1526.96,1539.638,1535.896,1483.684,1370.404,1528.318,1552.616,1529.237,1537.968,1563.653,1554.269,1562.564]",32,1500.71521875,2669.1329624834007,1552.2805
2011,2011-06-25,IND,CON,75.0,70.0,1.0,CON,1508.6790325903205,1517.637393756468,1500.169363833205,2745.7075538724316,1552.6158898595822,1.0001129092221364,1500.0,"[1528.258,1517.786,1519.384,1450.362,1517.321,1522.986,1521.688,1459.665,1494.804,1549.261,1419.771,1477.168,1367.638,1466.645,1521.869,1513.224,1513.823,1459.992,1398.398,1526.96,1539.638,1535.896,1483.684,1370.404,1528.318,1552.616,1529.237,1537.968,1563.653,1554.269,1562.564]",31,1500.1693548387098,2745.6990686805425,1552.616
2011,2011-06-26,MIN,IND,75.0,78.0,0.0,MIN,1517.5032232942658,1528.2584329072886,1499.2330615307353,2810.0546169516147,1552.7812094862666,0.9994887076871568,1500.0,"[1517.786,1519.384,1450.362,1517.321,1522.986,1521.688,1459.665,1494.804,1549.261,1419.771,1477.168,1367.638,1466.645,1521.869,1513.224,1513.823,1459.992,1398.398,1526.96,1539.638,1535.896,1483.684,1370.404,1528.318,1552.616,1529.237,1537.968,1563.653,1554.269,1562.564]",30,1499.2330666666667,2810.046669195558,1552.7813
2011,2011-06-28,IND,PHO,91.0,86.0,1.0,PHO,1529.234290091659,1517.7857344100803,1498.5933141900682,2894.6747522221935,1552.946529112951,0.9990622094600454,1500.0,"[1519.384,1450.362,1517.321,1522.986,1521.688,1459.665,1494.804,1549.261,1419.771,1477.168,1367.638,1466.645,1521.869,1513.224,1513.823,1459.992,1398.398,1526.96,1539.638,1535.896,1483.684,1370.404,1528.318,1552.616,1529.237,1537.968,1563.653,1554.269,1562.564]",29,1498.5933103448276,2894.666185662309,1552.9466
2011,2011-07-05,IND,SEA,78.0,61.0,1.0,SEA,1537.483871904006,1519.3842803476748,1497.8507796844392,2982.0666261035535,1553.1118487396354,0.9985671864562928,1500.0,"[1450.362,1517.321,1522.986,1521.688,1459.665,1494.804,1549.261,1419.771,1477.168,1367.638,1466.645,1521.869,1513.224,1513.823,1459.992,1398.398,1526.96,1539.638,1535.896,1483.684,1370.404,1528.318,1552.616,1529.237,1537.968,1563.653,1554.269,1562.564]",28,1497.8507857142856,2982.0581788826557,1553.1119
2011,2011-07-09,IND,WAS,68.0,57.0,1.0,WAS,1545.5485291747927,1450.3615863128316,1499.6096386982028,3005.893157333168,1553.2771683663198,0.9997397591321352,1500.0,"[1517.321,1522.986,1521.688,1459.665,1494.804,1549.261,1419.771,1477.168,1367.638,1466.645,1521.869,1513.224,1513.823,1459.992,1398.398,1526.96,1539.638,1535.896,1483.684,1370.404,1528.318,1552.616,1529.237,1537.968,1563.653,1554.269,1562.564]",27,1499.6096296296296,3005.8858843813473,1553.2772
2011,2011-07-13,IND,CON,90.0,78.0,1.0,CON,1551.5970861188962,1517.321030240631,1498.9284313311862,3108.9752587395196,1553.4424879930043,0.9992856208874574,1500.0,"[1522.986,1521.688,1459.665,1494.804,1549.261,1419.771,1477.168,1367.638,1466.645,1521.869,1513.224,1513.823,1459.992,1398.398,1526.96,1539.638,1535.896,1483.684,1370.404,1528.318,1552.616,1529.237,1537.968,1563.653,1554.269,1562.564]",26,1498.9284230769229,3108.967736013317,1553.4425
2011,2011-07-15,IND,MIN,70.0,80.0,0.0,MIN,1559.2179064907682,1522.986161507377,1497.9661221241386,3209.2572548299167,1553.6078076196886,0.9986440814160924,1500.0,"[1521.688,1459.665,1494.804,1549.261,1419.771,1477.168,1367.638,1466.645,1521.869,1513.224,1513.823,1459.992,1398.398,1526.96,1539.638,1535.896,1483.684,1370.404,1528.318,1552.616,1529.237,1537.968,1563.653,1554.269,1562.564]",25,1497.96612,3209.249737945603,1553.6078
2011,2011-07-17,CON,IND,76.0,71.0,1.0,CON,1546.785695437354,1521.6882020550274,1496.977702127018,3318.5519548468096,1553.773127246373,0.9979851347513452,1500.0000000000002,"[1459.665,1494.804,1549.261,1419.771,1477.168,1367.638,1466.645,1521.869,1513.224,1513.823,1459.992,1398.398,1526.96,1539.638,1535.896,1483.684,1370.404,1528.318,1552.616,1529.237,1537.968,1563.653,1554.269,1562.564]",24,1496.977708333333,3318.5445364566003,1553.7730999999999
2011,2011-07-19,ATL,IND,84.0,74.0,1.0,ATL,1537.5012223138294,1459.66462356722,1498.6000098904876,3399.6716429429243,1553.9384468730573,0.999066673260325,1500.0,"[1494.804,1549.261,1419.771,1477.168,1367.638,1466.645,1521.869,1513.224,1513.823,1459.992,1398.398,1526.96,1539.638,1535.896,1483.684,1370.404,1528.318,1552.616,1529.237,1537.968,1563.653,1554.269,1562.564]",23,1498.6,3399.6651554782634,1553.9384
2011,2011-07-21,IND,CHI,77.0,63.0,1.0,CHI,1526.7017305760476,1494.8041173356658,1498.7725504611612,3553.51745645145,1554.1037664997418,0.9991817003074408,1500.0000000000002,"[1549.261,1419.771,1477.168,1367.638,1466.645,1521.869,1513.224,1513.823,1459.992,1398.398,1526.96,1539.638,1535.896,1483.684,1370.404,1528.318,1552.616,1529.237,1537.968,1563.653,1554.269,1562.564]",22,1498.7725454545455,3553.510635338847,1554.1037000000001
2011,2011-07-28,CON,IND,58.0,69.0,0.0,CON,1534.3872373651498,1549.2612311178184,1496.368327572749,3595.5662440876913,1554.269086126426,0.9975788850484992,1500.0,"[1419.771,1477.168,1367.638,1466.645,1521.869,1513.224,1513.823,1459.992,1398.398,1526.96,1539.638,1535.896,1483.684,1370.404,1528.318,1552.616,1529.237,1537.968,1563.653,1554.269,1562.564]",21,1496.3683333333333,3595.5602371746063,1554.269
2011,2011-07-29,WAS,IND,59.0,61.0,0.0,WAS,1546.2330590256622,1419.7709563737094,1500.198196132701,3467.3187993753936,1555.098624214562,1.000132130755134,1500.0,"[1477.168,1367.638,1466.645,1521.869,1513.224,1513.823,1459.992,1398.398,1526.96,1539.638,1535.896,1483.684,1370.404,1528.318,1552.616,1529.237,1537.968,1563.653,1554.269,1562.564]",20,1500.1982,3467.3127966600027,1555.0985
2011,2011-07-31,IND,LAS,98.0,63.0,1.0,LAS,1554.06715765245,1477.1679429905923,1501.410314719128,3620.4246331491895,1555.928162302698,1.000940209812752,1500.0,"[1367.638,1466.645,1521.869,1513.224,1513.823,1459.992,1398.398,1526.96,1539.638,1535.896,1483.684,1370.404,1528.318,1552.616,1529.237,1537.968,1563.653,1554.269,1562.564]",19,1501.4103157894733,3620.4184501108057,1555.928
2011,2011-08-05,TUL,IND,65.0,85.0,0.0,TUL,1560.5688992097018,1367.6378340266454,1508.8421192020437,2772.1566954173823,1556.757700390834,1.0058947461346956,1500.0,"[1466.645,1521.869,1513.224,1513.823,1459.992,1398.398,1526.96,1539.638,1535.896,1483.684,1370.404,1528.318,1552.616,1529.237,1537.968,1563.653,1554.269,1562.564]",18,1508.842111111111,2772.1527560987674,1556.7575
2011,2011-08-07,CHI,IND,88.0,69.0,1.0,CHI,1566.6723876860094,1466.645040321618,1511.3243003126568,2824.322721138353,1557.58723847897,1.0075495335417712,1500.0,"[1521.869,1513.224,1513.823,1459.992,1398.398,1526.96,1539.638,1535.896,1483.684,1370.404,1528.318,1552.616,1529.237,1537.968,1563.653,1554.269,1562.564]",17,1511.324294117647,2824.318380678203,1557.587
2011,2011-08-09,IND,SAS,81.0,68.0,1.0,SAS,1555.2423543053217,1521.8690526104508,1510.6652532940443,2993.459060672893,1558.416776567106,1.0071101688626964,1500.0,"[1513.224,1513.823,1459.992,1398.398,1526.96,1539.638,1535.896,1483.684,1370.404,1528.318,1552.616,1529.237,1537.968,1563.653,1554.269,1562.564]",16,1510.66525,2993.4545139375023,1558.4165
2011,2011-08-13,IND,NYL,82.0,71.0,1.0,NYL,1562.8877023522014,1513.2243608471128,1510.49464612384,3192.5572891466827,1559.2463146552418,1.0069964307492267,1500.0,"[1513.823,1459.992,1398.398,1526.96,1539.638,1535.896,1483.684,1370.404,1528.318,1552.616,1529.237,1537.968,1563.653,1554.269,1562.564]",15,1510.4946666666665,3192.5525694222247,1559.246
2011,2011-08-16,SAS,IND,63.0,65.0,0.0,SAS,1570.0953342014968,1513.823234340506,1510.2568898226498,3419.7491746329665,1560.0758527433777,1.0068379265484333,1500.0,"[1459.992,1398.398,1526.96,1539.638,1535.896,1483.684,1370.404,1528.318,1552.616,1529.237,1537.968,1563.653,1554.269,1562.564]",14,1510.2569285714285,3419.744247637758,1560.0755000000001
2011,2011-08-18,LAS,IND,75.0,70.0,1.0,LAS,1579.914828264194,1459.99172498884,1514.123440963712,3473.5037552805884,1560.9053908315138,1.0094156273091413,1500.0,"[1398.398,1526.96,1539.638,1535.896,1483.684,1370.404,1528.318,1552.616,1529.237,1537.968,1563.653,1554.269,1562.564]",13,1514.1234615384615,3473.500416863908,1560.905
2011,2011-08-21,IND,WAS,83.0,51.0,1.0,WAS,1567.9290182233503,1398.397507384893,1523.7672687619468,2553.9180117278643,1561.7349289196495,1.015844845841298,1499.9999999999998,"[1526.96,1539.638,1535.896,1483.684,1370.404,1528.318,1552.616,1529.237,1537.968,1563.653,1554.269,1562.564]",12,1523.7672499999999,2553.9242583541673,1561.7345
2011,2011-08-27,IND,ATL,80.0,86.0,0.0,ATL,1572.3356847731498,1526.959576494496,1523.4770589680788,2785.0817157369133,1562.5644670077857,1.015651372645386,1500.0,"[1539.638,1535.896,1483.684,1370.404,1528.318,1552.616,1529.237,1537.968,1563.653,1554.269,1562.564]",11,1523.4769999999999,2785.088250181819,1562.564
2011,2011-08-30,ATL,IND,92.0,90.0,1.0,ATL,1559.657479068161,1539.6377821994847,1521.8609866449378,3034.8613000207733,1562.6733457894018,1.0145739910966252,1500.0,"[1535.896,1483.684,1370.404,1528.318,1552.616,1529.237,1537.968,1563.653,1554.269,1562.564]",10,1521.8609000000001,3034.8675038900014,1562.6729
2011,2011-09-02,CON,IND,83.0,55.0,1.0,CON,1550.518246190334,1535.8958908634422,1520.301552842882,3347.7497733042437,1562.782224571018,1.0135343685619214,1500.0,"[1483.684,1370.404,1528.318,1552.616,1529.237,1537.968,1563.653,1554.269,1562.564]",9,1520.3014444444445,3347.755988024693,1562.7818
2011,2011-09-04,CHI,IND,80.0,88.0,0.0,CHI,1541.5329920011695,1483.6836684176162,1524.8787883960404,3577.658727185413,1562.891103352634,1.0165858589306935,1500.0,"[1370.404,1528.318,1552.616,1529.237,1537.968,1563.653,1554.269,1562.564]",8,1524.8786249999998,3577.6702499843764,1562.8907000000002
2011,2011-09-07,IND,WAS,87.0,69.0,1.0,WAS,1551.3071087371752,1370.4044611493302,1546.9465494312844,192.86421419987377,1562.99998213425,1.0312976996208565,1500.0,"[1528.318,1552.616,1529.237,1537.968,1563.653,1554.269,1562.564]",7,1546.9464285714287,192.86236424489786,1562.9996
2011,2011-09-09,NYL,IND,83.0,75.0,1.0,NYL,1555.4930012135928,1528.3184514744453,1550.0512324240915,157.53485449909718,1563.1088609158664,1.0333674882827275,1500.0,"[1552.616,1529.237,1537.968,1563.653,1554.269,1562.564]",6,1550.0511666666669,157.53030113888846,1563.1085
2011,2011-09-11,IND,ATL,88.0,93.0,0.0,ATL,1546.1490269327644,1552.6158898595822,1549.538300936993,187.46323313617583,1563.2177396974826,1.0330255339579952,1500.0,"[1529.237,1537.968,1563.653,1554.269,1562.564]",5,1549.5382000000002,187.45755255999953,1563.2174
2011,2011-09-17,NYL,IND,66.0,65.0,1.0,NYL,1534.9025587680924,1529.2369307097194,1554.6136434938112,105.53353107496214,1563.326618479099,1.0364090956625407,1500.0,"[1537.968,1563.653,1554.269,1562.564]",4,1554.6135000000002,105.52859024999978,1563.3263
2011,2011-09-19,IND,NYL,84.0,75.0,1.0,NYL,1526.1717234607256,1537.9677660170862,1560.162269319386,17.56238055766407,1563.4354972607148,1.0401081795462574,1499.9999999999998,"[1563.653,1554.269,1562.564]",3,1560.162,17.56137800000015,1563.4352000000001
2011,2011-09-22,IND,ATL,85.0,67.0,1.0,ATL,1535.076535652246,1563.653254823947,1558.416776567106,17.203335991706204,1561.7349289196495,1.0389445177114038,1500.0,"[1554.269,1562.564]",2,1558.4165,17.2017562500003,1561.7345
2011,2011-09-25,ATL,IND,95.0,67.0,1.0,ATL,1544.4607043497667,1554.269086126426,1562.5644670077857,0.0,1562.5644670077857,1.041709644671857,1500.0,[1562.564],1,1562.564,0.0,1562.564
2011,2011-09-27,IND,ATL,86.0,103.0,0.0,ATL,1536.1653234684072,1562.5644670077857,,,,,1500.0,[],0,,,
2012,2012-05-19,IND,ATL,92.0,84.0,1.0,ATL,1500.0,1500.0,1505.4156000765247,36.16413391738176,1510.2265298938391,1.0036104000510164,1500.0,"[1511.429,1499.402]",2,1505.4155,36.162182250000264,1510.2263
2012,2012-05-25,CHI,IND,72.0,83.0,0.0,CHI,1508.5707376518324,1511.4292623481676,1499.4019378048818,0.0,1499.4019378048818,0.9996012918699212,1500.0,[1499.402],1,1499.402,0.0,1499.402
2012,2012-05-27,ATL,IND,62.0,78.0,0.0,ATL,1520.080497773498,1499.4019378048818,,,,,1500.0,[],0,,,
2013,2013-05-24,SAS,IND,64.0,79.0,0.0,SAS,1500.0,1500.0,1508.5707376518324,0.0,1508.5707376518324,1.0057138251012216,1500.0,[1508.571],1,1508.571,0.0,1508.571
2013,2013-05-31,IND,ATL,77.0,86.0,0.0,ATL,1511.4292623481676,1508.5707376518324,,,,,1499.9999999999998,[],0,,,
2014,2014-05-16,CHI,IND,74.0,71.0,1.0,CHI,1500.0,1500.0,1496.3641378665338,132.03151947877183,1510.129724894343,0.9975760919110226,1500.0,"[1508.571,1488.571,1511.169,1481.93,1491.58]",5,1496.3642,132.0313469600002,1510.1298
2014,2014-05-17,IND,ATL,88.0,90.0,0.0,ATL,1491.4292623481676,1508.5707376518324,1493.312487920209,118.47656237394848,1505.2924350513306,0.9955416586134728,1500.0,"[1488.571,1511.169,1481.93,1491.58]",4,1493.3125,118.47481925000078,1505.2923
2014,2014-05-23,IND,WAS,63.0,79.0,0.0,WAS,1480.4863276135525,1488.5707376518324,1494.893071343001,147.97577400630874,1507.2513066084482,0.996595380895334,1500.0,"[1511.169,1481.93,1491.58]",3,1494.893,147.97450466666734,1507.2512000000002
2014,2014-05-25,ATL,IND,77.0,82.0,0.0,ATL,1469.285719134701,1511.1690497226837,1486.7550821531602,23.283056847548146,1490.6152837518375,0.9911700547687734,1500.0,"[1481.93,1491.58]",2,1486.755,23.28062499999934,1490.615
2014,2014-05-29,IND,CON,79.0,65.0,1.0,CON,1481.8703566627487,1481.9298301548135,1491.5803341515068,0.0,1491.5803341515068,0.9943868894343378,1500.0,[1491.58],1,1491.58,0.0,1491.58
2014,2014-05-31,IND,NYL,70.0,66.0,1.0,NYL,1490.4427711721123,1491.5803341515068,,,,,1500.0,[],0,,,
2015,2015-06-05,CHI,IND,95.0,72.0,1.0,CHI,1500.0,1500.0,1514.1379017053166,1776.2978588538936,1572.9692950179865,1.0094252678035445,1500.0,"[1508.571,1500.08,1499.987,1490.959,1492.75,1505.004,1508.104,1511.178,1554.18,1524.698,1452.597,1455.482,1546.247,1495.86,1440.736,1505.8,1560.133,1501.136,1530.305,1449.447,1535.978,1554.089,1456.323,1420.621,1581.666,1471.129,1472.365,1491.278,1456.723,1554.681,1495.638,1489.584,1583.514,1555.903,1567.085,1576.475,1584.262,1574.44,1545.643,1534.69,1524.363,1517.41,1530.815]",43,1514.1378837209304,1776.2951039167115,1572.969
2015,2015-06-06,IND,MIN,69.0,78.0,0.0,MIN,1491.4292623481676,1508.5707376518324,1514.2704532303997,1817.8351590246032,1573.7048938157136,1.0095136354869332,1500.0,"[1500.08,1499.987,1490.959,1492.75,1505.004,1508.104,1511.178,1554.18,1524.698,1452.597,1455.482,1546.247,1495.86,1440.736,1505.8,1560.133,1501.136,1530.305,1449.447,1535.978,1554.089,1456.323,1420.621,1581.666,1471.129,1472.365,1491.278,1456.723,1554.681,1495.638,1489.584,1583.514,1555.903,1567.085,1576.475,1584.262,1574.44,1545.643,1534.69,1524.363,1517.41,1530.815]",42,1514.2704285714287,1817.832414578231,1573.7045
2015,2015-06-09,NYL,IND,86.0,79.0,1.0,NYL,1480.4863276135525,1500.080497773498,1514.6165497049583,1857.1417256001637,1574.4404926134412,1.0097443664699723,1499.9999999999998,"[1499.987,1490.959,1492.75,1505.004,1508.104,1511.178,1554.18,1524.698,1452.597,1455.482,1546.247,1495.86,1440.736,1505.8,1560.133,1501.136,1530.305,1449.447,1535.978,1554.089,1456.323,1420.621,1581.666,1471.129,1472.365,1491.278,1456.723,1554.681,1495.638,1489.584,1583.514,1555.903,1567.085,1576.475,1584.262,1574.44,1545.643,1534.69,1524.363,1517.41,1530.815]",41,1514.616536585366,1857.1385787364657,1574.44
2015,2015-06-12,IND,PHO,77.0,74.0,1.0,PHO,1472.4630418345407,1499.9868320105825,1514.9822926473175,1898.0857848448536,1574.643976830058,1.0099881950982117,1500.0,"[1490.959,1492.75,1505.004,1508.104,1511.178,1554.18,1524.698,1452.597,1455.482,1546.247,1495.86,1440.736,1505.8,1560.133,1501.136,1530.305,1449.447,1535.978,1554.089,1456.323,1420.621,1581.666,1471.129,1472.365,1491.278,1456.723,1554.681,1495.638,1489.584,1583.514,1555.903,1567.085,1576.475,1584.262,1574.44,1545.643,1534.69,1524.363,1517.41,1530.815]",40,1514.9822749999998,1898.0826950993746,1574.6435000000001
2015,2015-06-14,IND,CHI,72.0,98.0,0.0,CHI,1481.817025459304,1490.9589122688612,1515.598276759586,1931.5771940602572,1574.8474610466749,1.0103988511730573,1500.0,"[1492.75,1505.004,1508.104,1511.178,1554.18,1524.698,1452.597,1455.482,1546.247,1495.86,1440.736,1505.8,1560.133,1501.136,1530.305,1449.447,1535.978,1554.089,1456.323,1420.621,1581.666,1471.129,1472.365,1491.278,1456.723,1554.681,1495.638,1489.584,1583.514,1555.903,1567.085,1576.475,1584.262,1574.44,1545.643,1534.69,1524.363,1517.41,1530.815]",39,1515.5982564102567,1931.5741582419455,1574.847
2015,2015-06-16,ATL,IND,79.0,90.0,0.0,ATL,1470.646425749816,1492.7497910281215,1516.1995526998878,1968.308395352275,1575.0509452632916,1.010799701799925,1500.0000000000002,"[1505.004,1508.104,1511.178,1554.18,1524.698,1452.597,1455.482,1546.247,1495.86,1440.736,1505.8,1560.133,1501.136,1530.305,1449.447,1535.978,1554.089,1456.323,1420.621,1581.666,1471.129,1472.365,1491.278,1456.723,1554.681,1495.638,1489.584,1583.514,1555.903,1567.085,1576.475,1584.262,1574.44,1545.643,1534.69,1524.363,1517.41,1530.815]",38,1516.1995263157896,1968.30556267036,1575.0505
2015,2015-06-19,NYL,IND,63.0,80.0,0.0,NYL,1482.692438336285,1505.0039631230022,1516.5021362019652,2018.0267620732536,1575.2544294799084,1.0110014241346434,1500.0,"[1508.104,1511.178,1554.18,1524.698,1452.597,1455.482,1546.247,1495.86,1440.736,1505.8,1560.133,1501.136,1530.305,1449.447,1535.978,1554.089,1456.323,1420.621,1581.666,1471.129,1472.365,1491.278,1456.723,1554.681,1495.638,1489.584,1583.514,1555.903,1567.085,1576.475,1584.262,1574.44,1545.643,1534.69,1524.363,1517.41,1530.815]",37,1516.5021081081084,2018.0238921504745,1575.254
2015,2015-06-20,IND,WAS,75.0,87.0,0.0,WAS,1494.7441907243613,1508.1043422628916,1516.7354082558286,2072.069674528532,1575.457913696525,1.011156938837219,1500.0,"[1511.178,1554.18,1524.698,1452.597,1455.482,1546.247,1495.86,1440.736,1505.8,1560.133,1501.136,1530.305,1449.447,1535.978,1554.089,1456.323,1420.621,1581.666,1471.129,1472.365,1491.278,1456.723,1554.681,1495.638,1489.584,1583.514,1555.903,1567.085,1576.475,1584.262,1574.44,1545.643,1534.69,1524.363,1517.41,1530.815]",36,1516.735388888889,2072.066574237654,1575.4575
2015,2015-06-26,IND,CHI,77.0,83.0,0.0,CHI,1483.69350326064,1511.1779352384615,1516.894193199182,2130.3640095328615,1575.661397913142,1.0112627954661213,1500.0,"[1554.18,1524.698,1452.597,1455.482,1546.247,1495.86,1440.736,1505.8,1560.133,1501.136,1530.305,1449.447,1535.978,1554.089,1456.323,1420.621,1581.666,1471.129,1472.365,1491.278,1456.723,1554.681,1495.638,1489.584,1583.514,1555.903,1567.085,1576.475,1584.262,1574.44,1545.643,1534.69,1524.363,1517.41,1530.815]",35,1516.8941714285716,2130.36084814204,1575.661
2015,2015-06-30,CON,IND,84.0,92.0,0.0,CON,1473.046358801336,1554.1802265234155,1515.797545160234,2150.929482272621,1575.8648821297588,1.0105316967734894,1500.0,"[1524.698,1452.597,1455.482,1546.247,1495.86,1440.736,1505.8,1560.133,1501.136,1530.305,1449.447,1535.978,1554.089,1456.323,1420.621,1581.666,1471.129,1472.365,1491.278,1456.723,1554.681,1495.638,1489.584,1583.514,1555.903,1567.085,1576.475,1584.262,1574.44,1545.643,1534.69,1524.363,1517.41,1530.815]",34,1515.797529411765,2150.926690190311,1575.8645
2015,2015-07-02,IND,WAS,73.0,50.0,1.0,WAS,1486.651125129472,1524.697519837933,1515.527848957879,2213.636138140418,1576.0683663463756,1.0103518993052527,1500.0000000000002,"[1452.597,1455.482,1546.247,1495.86,1440.736,1505.8,1560.133,1501.136,1530.305,1449.447,1535.978,1554.089,1456.323,1420.621,1581.666,1471.129,1472.365,1491.278,1456.723,1554.681,1495.638,1489.584,1583.514,1555.903,1567.085,1576.475,1584.262,1574.44,1545.643,1534.69,1524.363,1517.41,1530.815]",33,1515.5278181818182,2213.6329858457293,1576.068
2015,2015-07-08,IND,SEA,88.0,65.0,1.0,SEA,1496.307208402311,1452.596827056837,1517.494443392287,2155.184976365691,1576.2718505629923,1.0116629622615243,1500.0000000000002,"[1455.482,1546.247,1495.86,1440.736,1505.8,1560.133,1501.136,1530.305,1449.447,1535.978,1554.089,1456.323,1420.621,1581.666,1471.129,1472.365,1491.278,1456.723,1554.681,1495.638,1489.584,1583.514,1555.903,1567.085,1576.475,1584.262,1574.44,1545.643,1534.69,1524.363,1517.41,1530.815]",32,1517.4944062499999,2155.18255186621,1576.2714999999998
2015,2015-07-10,IND,SAS,83.0,76.0,1.0,SAS,1503.6735641662272,1455.4819230844698,1519.4948472731844,2096.655370402797,1576.4753347796093,1.0129965648487895,1500.0,"[1546.247,1495.86,1440.736,1505.8,1560.133,1501.136,1530.305,1449.447,1535.978,1554.089,1456.323,1420.621,1581.666,1471.129,1472.365,1491.278,1456.723,1554.681,1495.638,1489.584,1583.514,1555.903,1567.085,1576.475,1584.262,1574.44,1545.643,1534.69,1524.363,1517.41,1530.815]",31,1519.4948064516132,2096.6533387367313,1576.475
2015,2015-07-15,IND,TUL,83.0,80.0,1.0,TUL,1510.9202981132053,1546.247470719173,1518.6030931583182,2141.891895306748,1576.9944356090873,1.0124020621055454,1500.0,"[1495.86,1440.736,1505.8,1560.133,1501.136,1530.305,1449.447,1535.978,1554.089,1456.323,1420.621,1581.666,1471.129,1472.365,1491.278,1456.723,1554.681,1495.638,1489.584,1583.514,1555.903,1567.085,1576.475,1584.262,1574.44,1545.643,1534.69,1524.363,1517.41,1530.815]",30,1518.6030666666668,2141.8905881955548,1576.9941
2015,2015-07-17,WAS,IND,68.0,50.0,1.0,WAS,1520.4982310852663,1495.8596167583569,1519.3873509652133,2197.2984272939384,1577.513536438565,1.0129249006434755,1500.0,"[1440.736,1505.8,1560.133,1501.136,1530.305,1449.447,1535.978,1554.089,1456.323,1420.621,1581.666,1471.129,1472.365,1491.278,1456.723,1554.681,1495.638,1489.584,1583.514,1555.903,1567.085,1576.475,1584.262,1574.44,1545.643,1534.69,1524.363,1517.41,1530.815]",29,1519.3873103448277,2197.297739938167,1577.5131999999999
2015,2015-07-21,SAS,IND,80.0,62.0,1.0,SAS,1511.2268966932415,1440.7355634568482,1522.1963433762269,2046.9506585371284,1578.0326372680431,1.014797562250818,1500.0,"[1505.8,1560.133,1501.136,1530.305,1449.447,1535.978,1554.089,1456.323,1420.621,1581.666,1471.129,1472.365,1491.278,1456.723,1554.681,1495.638,1489.584,1583.514,1555.903,1567.085,1576.475,1584.262,1574.44,1545.643,1534.69,1524.363,1517.41,1530.815]",28,1522.1962857142858,2046.952723061224,1578.0322999999999
2015,2015-07-28,CON,IND,73.0,75.0,0.0,CON,1500.6377916213796,1505.8002919208611,1522.80360454124,2112.4381944594156,1578.5517380975214,1.015202403027493,1500.0,"[1560.133,1501.136,1530.305,1449.447,1535.978,1554.089,1456.323,1420.621,1581.666,1471.129,1472.365,1491.278,1456.723,1554.681,1495.638,1489.584,1583.514,1555.903,1567.085,1576.475,1584.262,1574.44,1545.643,1534.69,1524.363,1517.41,1530.815]",27,1522.8035555555557,2112.4400403950604,1578.5513999999998
2015,2015-07-29,IND,NYL,84.0,72.0,1.0,NYL,1512.2122881904368,1560.133087010826,1521.3678552154868,2138.0286619104095,1579.0708389269994,1.0142452368103243,1500.0,"[1501.136,1530.305,1449.447,1535.978,1554.089,1456.323,1420.621,1581.666,1471.129,1472.365,1491.278,1456.723,1554.681,1495.638,1489.584,1583.514,1555.903,1567.085,1576.475,1584.262,1574.44,1545.643,1534.69,1524.363,1517.41,1530.815]",26,1521.3678076923081,2138.0306922322475,1579.0704999999998
2015,2015-08-02,IND,CON,83.0,70.0,1.0,CON,1522.152444684314,1501.1364905122596,1522.1771098036158,2206.5225906882188,1579.5899397564776,1.0147847398690772,1500.0,"[1530.305,1449.447,1535.978,1554.089,1456.323,1420.621,1581.666,1471.129,1472.365,1491.278,1456.723,1554.681,1495.638,1489.584,1583.514,1555.903,1567.085,1576.475,1584.262,1574.44,1545.643,1534.69,1524.363,1517.41,1530.815]",25,1522.17708,2206.523956553599,1579.5896
2015,2015-08-04,CHI,IND,106.0,82.0,1.0,CHI,1530.1364392275343,1530.3053359688968,1521.8384337133955,2295.5934946147263,1580.1090405859557,1.0145589558089303,1500.0,"[1449.447,1535.978,1554.089,1456.323,1420.621,1581.666,1471.129,1472.365,1491.278,1456.723,1554.681,1495.638,1489.584,1583.514,1555.903,1567.085,1576.475,1584.262,1574.44,1545.643,1534.69,1524.363,1517.41,1530.815]",24,1521.8384166666665,2295.5951334097213,1580.1087
2015,2015-08-07,IND,ATL,106.0,77.0,1.0,ATL,1521.5704631785322,1449.446844427219,1524.9858941171428,2157.6457395883667,1580.6281414154337,1.016657262744762,1500.0,"[1535.978,1554.089,1456.323,1420.621,1581.666,1471.129,1472.365,1491.278,1456.723,1554.681,1495.638,1489.584,1583.514,1555.903,1567.085,1576.475,1584.262,1574.44,1545.643,1534.69,1524.363,1517.41,1530.815]",23,1524.9858695652172,2157.6485835047242,1580.6278
2015,2015-08-11,WAS,IND,62.0,73.0,0.0,WAS,1528.193411415223,1535.9783399802077,1524.4862374870029,2249.9784407283223,1581.1472422449117,1.0163241583246685,1500.0,"[1554.089,1456.323,1420.621,1581.666,1471.129,1472.365,1491.278,1456.723,1554.681,1495.638,1489.584,1583.514,1555.903,1567.085,1576.475,1584.262,1574.44,1545.643,1534.69,1524.363,1517.41,1530.815]",22,1524.4862272727273,2249.981743448345,1581.1469
2015,2015-08-16,PHO,IND,63.0,75.0,0.0,PHO,1539.8414276007122,1554.088584591142,1523.0766019106154,2313.4046771584085,1581.6663430743895,1.0153844012737434,1500.0000000000002,"[1456.323,1420.621,1581.666,1471.129,1472.365,1491.278,1456.723,1554.681,1495.638,1489.584,1583.514,1555.903,1567.085,1576.475,1584.262,1574.44,1545.643,1534.69,1524.363,1517.41,1530.815]",21,1523.0765714285712,2313.40688005442,1581.666
2015,2015-08-18,LAS,IND,68.0,79.0,0.0,LAS,1551.6698163572717,1456.322719067275,1526.4142960527822,2195.1306650965544,1581.8510694602614,1.017609530701855,1500.0,"[1420.621,1581.666,1471.129,1472.365,1491.278,1456.723,1554.681,1495.638,1489.584,1583.514,1555.903,1567.085,1576.475,1584.262,1574.44,1545.643,1534.69,1524.363,1517.41,1530.815]",20,1526.4142499999998,2195.135160887499,1581.8508
2015,2015-08-21,SEA,IND,63.0,75.0,0.0,SEA,1560.371983292066,1420.6211719362084,1531.9823552168127,1690.5982009135562,1582.0357958461332,1.0213215701445415,1500.0,"[1581.666,1471.129,1472.365,1491.278,1456.723,1554.681,1495.638,1489.584,1583.514,1555.903,1567.085,1576.475,1584.262,1574.44,1545.643,1534.69,1524.363,1517.41,1530.815]",19,1531.9823157894737,1690.6014576897503,1582.0356
2015,2015-08-23,IND,NYL,80.0,79.0,1.0,NYL,1567.844714570195,1581.6663430743895,1529.2221336691696,1639.7626863371324,1578.5868164256583,1.019481422446113,1500.0,"[1471.129,1472.365,1491.278,1456.723,1554.681,1495.638,1489.584,1583.514,1555.903,1567.085,1576.475,1584.262,1574.44,1545.643,1534.69,1524.363,1517.41,1530.815]",18,1529.2221111111112,1639.7678934320986,1578.5866999999998
2015,2015-08-26,IND,LAS,79.0,81.0,0.0,LAS,1576.8071646769529,1471.1294792484955,1532.6393486350914,1526.0268687254177,1579.2906436410085,1.0217595657567276,1500.0,"[1472.365,1491.278,1456.723,1554.681,1495.638,1489.584,1583.514,1555.903,1567.085,1576.475,1584.262,1574.44,1545.643,1534.69,1524.363,1517.41,1530.815]",17,1532.6393529411764,1526.0290772871965,1579.2905999999998
2015,2015-08-28,IND,ATL,84.0,90.0,0.0,ATL,1562.6039994863206,1472.3653321448453,1536.4064746657318,1380.1524929983734,1579.994470856358,1.024270983110488,1500.0,"[1491.278,1456.723,1554.681,1495.638,1489.584,1583.514,1555.903,1567.085,1576.475,1584.262,1574.44,1545.643,1534.69,1524.363,1517.41,1530.815]",16,1536.4065,1380.152146249999,1579.9944999999998
2015,2015-08-30,TUL,IND,76.0,70.0,1.0,TUL,1548.7734134714408,1491.2778372338978,1539.4150504945208,1327.3382029170966,1580.6982980717078,1.0262767003296804,1500.0,"[1456.723,1554.681,1495.638,1489.584,1583.514,1555.903,1567.085,1576.475,1584.262,1574.44,1545.643,1534.69,1524.363,1517.41,1530.815]",15,1539.4150666666667,1327.338715128888,1580.6984
2015,2015-09-01,IND,CON,81.0,51.0,1.0,CON,1538.5577069100334,1456.7230789419332,1545.321619891134,898.8346439988819,1581.4021252870575,1.030214413260756,1500.0,"[1554.681,1495.638,1489.584,1583.514,1555.903,1567.085,1576.475,1584.262,1574.44,1545.643,1534.69,1524.363,1517.41,1530.815]",14,1545.321642857143,898.833988943876,1581.4023
2015,2015-09-04,MIN,IND,81.0,65.0,1.0,MIN,1544.9354047477557,1554.6814939991905,1544.60162957513,960.7183656883744,1582.1059525024073,1.0297344197167533,1500.0,"[1495.638,1489.584,1583.514,1555.903,1567.085,1576.475,1584.262,1574.44,1545.643,1534.69,1524.363,1517.41,1530.815]",13,1544.6016923076922,960.7184619053237,1582.1062
2015,2015-09-08,WAS,IND,76.0,72.0,1.0,WAS,1536.6382829876452,1495.6375938200804,1548.6819658880506,824.3393519507185,1582.809779717757,1.032454643925367,1500.0,"[1489.584,1583.514,1555.903,1567.085,1576.475,1584.262,1574.44,1545.643,1534.69,1524.363,1517.41,1530.815]",12,1548.6819999999998,824.3424924999973,1582.8101
2015,2015-09-11,ATL,IND,67.0,75.0,0.0,ATL,1526.8972460629689,1489.5838474790503,1554.0545221070506,552.9069691213564,1583.5136069331068,1.036036348071367,1500.0,"[1583.514,1555.903,1567.085,1576.475,1584.262,1574.44,1545.643,1534.69,1524.363,1517.41,1530.815]",11,1554.0545454545454,552.9117831570226,1583.514
2015,2015-09-13,IND,NYL,81.0,76.0,1.0,NYL,1537.262233600754,1583.5136069331068,1551.1086136244448,512.7355213667277,1577.2539559277348,1.0340724090829632,1500.0000000000002,"[1555.903,1567.085,1576.475,1584.262,1574.44,1545.643,1534.69,1524.363,1517.41,1530.815]",10,1551.1086,512.7384206399983,1577.2537
2015,2015-09-19,IND,CHI,83.0,86.0,0.0,CHI,1547.154343638713,1555.9027359256972,1550.5759333687504,566.8686523038501,1578.0325770758604,1.0337172889125004,1500.0,"[1567.085,1576.475,1584.262,1574.44,1545.643,1534.69,1524.363,1517.41,1530.815]",9,1550.575888888889,566.8715449876524,1578.0323999999998
2015,2015-09-21,CHI,IND,68.0,86.0,0.0,CHI,1535.9725749282436,1567.084504636167,1548.5123619603232,599.4022912227335,1578.811198223986,1.0323415746402156,1500.0,"[1576.475,1584.262,1574.44,1545.643,1534.69,1524.363,1517.41,1530.815]",8,1548.51225,599.4030389374977,1578.8111
2015,2015-09-23,NYL,IND,79.0,74.0,1.0,NYL,1548.2656545713469,1576.4753347796093,1544.517651557568,557.369500353798,1578.3689140724107,1.029678434371712,1500.0,"[1584.262,1574.44,1545.643,1534.69,1524.363,1517.41,1530.815]",7,1544.5175714285717,557.3723893877535,1578.3688
2015,2015-09-27,IND,NYL,67.0,60.0,1.0,NYL,1540.479443090091,1584.261546260865,1537.8936691070187,343.12441254311904,1560.0419285869311,1.0252624460713458,1500.0,"[1574.44,1545.643,1534.69,1524.363,1517.41,1530.815]",6,1537.8935000000001,343.1195315833331,1560.0415
2015,2015-09-29,NYL,IND,71.0,72.0,0.0,NYL,1550.300496737515,1574.4404926134412,1530.5843044057342,91.1884210334416,1541.261829623084,1.0203895362704896,1500.0,"[1545.643,1534.69,1524.363,1517.41,1530.815]",5,1530.5842,91.18823895999971,1541.2618
2015,2015-10-04,MIN,IND,51.0,66.0,0.0,MIN,1562.4026064549375,1545.643364560421,1526.8195393670626,43.11824730977608,1533.5272155340713,1.0178796929113751,1500.0,"[1534.69,1524.363,1517.41,1530.815]",4,1526.8195,43.12046824999987,1533.5275000000001
2015,2015-10-06,MIN,IND,69.0,75.0,0.0,MIN,1573.356443798281,1534.689527217078,1524.1962100837238,29.963570297750085,1529.524814051767,1.0161308067224826,1500.0,"[1524.363,1517.41,1530.815]",3,1524.196,29.962948666666545,1529.5246
2015,2015-10-09,IND,MIN,77.0,71.0,1.0,MIN,1583.6825205180792,1524.3634504972797,1524.1125898769462,44.92437842968043,1529.4746419277003,1.0160750599179642,1500.0,"[1517.41,1530.815]",2,1524.1125000000002,44.92350624999982,1529.4745
2015,2015-10-11,IND,MIN,77.0,80.0,0.0,MIN,1590.6359462018552,1517.4100248135037,1530.8151549403888,0.0,1530.8151549403888,1.020543436626926,1500.0,[1530.815],1,1530.815,0.0,1530.815
2015,2015-10-14,MIN,IND,75.0,69.0,1.0,MIN,1577.23081607497,1530.8151549403888,,,,,1500.0,[],0,,,
2016,2016-05-14,IND,DAL,79.0,90.0,0.0,DAL,1500.0,1500.0,1519.293210960922,375.2805528439915,1538.5611416595864,1.0128621406406146,1500.0,"[1491.429,1511.429,1540.667,1533.647]",4,1519.293,375.28254599999707,1538.561
2016,2016-05-18,IND,PHO,97.0,93.0,1.0,PHO,1488.5707376518324,1491.4292623481676,1528.5811938318402,155.3075672167815,1539.2631327025413,1.0190541292212267,1500.0,"[1511.429,1540.667,1533.647]",3,1528.5810000000001,155.3089519999981,1539.263
2016,2016-05-20,IND,ATL,94.0,85.0,1.0,ATL,1497.2221626144474,1511.4292623481676,1537.1571595736764,12.31978560972545,1539.9651237454964,1.0247714397157843,1500.0,"[1540.667,1533.647]",2,1537.157,12.320099999999936,1539.965
2016,2016-05-27,MIN,IND,74.0,71.0,1.0,MIN,1506.1955892979806,1540.6671147884513,1533.6472043589015,0.0,1533.6472043589015,1.0224314695726011,1499.9999999999998,[1533.647],1,1533.647,0.0,1533.647
2016,2016-05-29,ATL,IND,85.0,76.0,1.0,ATL,1498.5800758195685,1533.6472043589015,,,,,1500.0,[],0,,,
2017,2017-05-14,SEA,IND,87.0,82.0,1.0,SEA,1500.0,1491.4292623481676,1502.70818143933,164.71534916541535,1517.2775694847965,1.0018054542928867,1500.0,"[1488.571,1488.571,1517.135,1517.373,1501.892]",5,1502.7084,164.7151894400012,1517.2778
2017,2017-05-17,PHO,IND,85.0,62.0,1.0,PHO,1491.1868103054655,1488.5707376518324,1506.2425423862044,143.43564994281493,1517.3013830284629,1.0041616949241363,1499.9999999999998,"[1488.571,1517.135,1517.373,1501.892]",4,1506.24275,143.43583718750085,1517.3016
2017,2017-05-20,IND,CON,81.0,79.0,1.0,CON,1482.5422361160315,1488.5707376518324,1512.1331439643284,52.450785448299335,1517.325196572129,1.0080887626428858,1499.9999999999998,"[1517.135,1517.373,1501.892]",3,1512.1333333333332,52.45189488888866,1517.3254
2017,2017-05-24,IND,LAS,93.0,90.0,1.0,LAS,1491.2833488850374,1517.1346882227988,1509.6323718350932,59.91459444536973,1515.824733294588,1.0064215812233956,1499.9999999999998,"[1517.373,1501.892]",2,1509.6325000000002,59.91534024999996,1515.8249
2017,2017-05-28,SEA,IND,94.0,70.0,1.0,SEA,1500.589411671014,1517.3728236594616,1501.8919200107246,0.0,1501.8919200107246,1.0012612800071496,1500.0,[1501.892],1,1501.892,0.0,1501.892
2017,2017-05-30,DAL,IND,89.0,62.0,1.0,DAL,1492.4882640441324,1501.8919200107246,,,,,1500.0,[],0,,,
2018,2018-05-19,IND,CHI,64.0,82.0,0.0,CHI,1500.0,1500.0,1511.3251812010776,47.9781828548644,1517.1699321821666,1.0075501208007185,1500.0,"[1500.0,1511.429,1516.35,1517.521]",4,1511.325,47.97687049999964,1517.1697
2018,2018-05-20,WAS,IND,82.0,75.0,1.0,WAS,1488.5707376518324,1500.0,1515.100241601437,6.9665863677123285,1517.287032659214,1.0100668277342917,1499.9999999999998,"[1511.429,1516.35,1517.521]",3,1515.1000000000001,6.96666066666631,1517.2867999999999
2018,2018-05-22,IND,LAS,70.0,87.0,0.0,LAS,1480.3206175418784,1511.4292623481676,1516.9357312280713,0.3428130431193724,1517.4041331362616,1.011290487485381,1499.9999999999998,"[1516.35,1517.521]",2,1516.9355,0.34281025000002874,1517.4039
2018,2018-05-24,IND,WAS,84.0,93.0,0.0,WAS,1469.7774158506572,1516.3502288428333,1517.5212336133093,0.0,1517.5212336133093,1.011680822408873,1500.0,[1517.521],1,1517.521,0.0,1517.521
2018,2018-05-26,CON,IND,86.0,77.0,1.0,CON,1459.678776678499,1517.5212336133093,,,,,1500.0,[],0,,,
2019,2019-05-24,NYL,IND,80.0,81.0,0.0,NYL,1500.0,1500.0,1508.5707376518324,0.0,1508.5707376518324,1.0057138251012216,1500.0,[1508.571],1,1508.571,0.0,1508.571
2019,2019-05-28,CON,IND,88.0,77.0,1.0,CON,1511.4292623481676,1508.5707376518324,,,,,1499.9999999999998,[],0,,,
2020,2020-07-25,WAS,IND,101.0,76.0,1.0,WAS,1500.0,1500.0,1505.6718869310475,2231.845971709205,1561.5315046962055,1.0037812579540315,1500.0,"[1488.571,1499.92,1507.462,1502.249,1529.356,1494.063,1528.276,1447.413,1528.997,1481.753,1582.309,1543.551,1561.532,1458.824,1525.061,1419.895,1533.242,1490.736,1578.674,1388.924,1528.304]",21,1505.6719999999998,2231.852935523809,1561.532
2020,2020-07-29,IND,PHO,106.0,100.0,1.0,PHO,1491.4292623481676,1488.5707376518324,1506.5269443950085,2328.0846816944904,1563.245749802105,1.004351296263339,1499.9999999999998,"[1499.92,1507.462,1502.249,1529.356,1494.063,1528.276,1447.413,1528.997,1481.753,1582.309,1543.551,1561.532,1458.824,1525.061,1419.895,1533.242,1490.736,1578.674,1388.924,1528.304]",20,1506.52705,2328.092261747499,1563.2462
2020,2020-07-31,DAL,IND,76.0,73.0,1.0,DAL,1499.919502226502,1499.919502226502,1506.8747045091402,2448.1967124756325,1564.9599949080036,1.0045831363394269,1500.0,"[1507.462,1502.249,1529.356,1494.063,1528.276,1447.413,1528.997,1481.753,1582.309,1543.551,1561.532,1458.824,1525.061,1419.895,1533.242,1490.736,1578.674,1388.924,1528.304]",19,1506.874789473684,2448.204978587257,1564.9604
2020,2020-08-02,IND,ATL,93.0,77.0,1.0,ATL,1491.3487645746698,1507.462063960312,1506.8420734285196,2584.187409985474,1566.6742400139028,1.0045613822856796,1500.0000000000002,"[1502.249,1529.356,1494.063,1528.276,1447.413,1528.997,1481.753,1582.309,1543.551,1561.532,1458.824,1525.061,1419.895,1533.242,1490.736,1578.674,1388.924,1528.304]",18,1506.8421666666666,2584.196145583332,1566.6746
2020,2020-08-05,LAS,IND,86.0,75.0,1.0,LAS,1500.376507947553,1502.249364269137,1507.112232790836,2734.884684643415,1568.388485119802,1.004741488527224,1500.0,"[1529.356,1494.063,1528.276,1447.413,1528.997,1481.753,1582.309,1543.551,1561.532,1458.824,1525.061,1419.895,1533.242,1490.736,1578.674,1388.924,1528.304]",17,1507.1123529411764,2734.8936723460197,1568.3888
2020,2020-08-07,MIN,IND,87.0,80.0,1.0,MIN,1491.8585331026406,1529.3557232617577,1505.7220146364034,2872.95896664609,1570.1027302257012,1.003814676424269,1500.0,"[1494.063,1528.276,1447.413,1528.997,1481.753,1582.309,1543.551,1561.532,1458.824,1525.061,1419.895,1533.242,1490.736,1578.674,1388.924,1528.304]",16,1505.722125,2872.968053484374,1570.103
2020,2020-08-09,IND,WAS,91.0,84.0,1.0,WAS,1484.3249814904884,1494.0625694278194,1506.4993109836428,3054.8225306396007,1571.8169753316,1.004332873989095,1500.0,"[1528.276,1447.413,1528.997,1481.753,1582.309,1543.551,1561.532,1458.824,1525.061,1419.895,1533.242,1490.736,1578.674,1388.924,1528.304]",15,1506.4994,3054.832754239999,1571.8172
2020,2020-08-11,IND,LVA,79.0,98.0,0.0,LVA,1493.171295868346,1528.2760724077166,1504.94382802478,3236.7312314413293,1573.531220437499,1.0032958853498533,1500.0,"[1447.413,1528.997,1481.753,1582.309,1543.551,1561.532,1458.824,1525.061,1419.895,1533.242,1490.736,1578.674,1388.924,1528.304]",14,1504.9439285714284,3236.7427233520393,1573.5314
2020,2020-08-13,NYL,IND,79.0,86.0,0.0,NYL,1482.7428393434666,1447.4134365410537,1509.3692427542976,3211.530419541601,1575.2454655433985,1.0062461618361984,1500.0,"[1528.997,1481.753,1582.309,1543.551,1561.532,1458.824,1525.061,1419.895,1533.242,1490.736,1578.674,1388.924,1528.304]",13,1509.3693846153847,3211.537676082839,1575.2456
2020,2020-08-15,IND,LAS,76.0,90.0,0.0,LAS,1493.1648422955232,1528.99669300314,1507.7336219002275,3444.3796319858993,1576.9597106492974,1.005155747933485,1500.0,"[1481.753,1582.309,1543.551,1561.532,1458.824,1525.061,1419.895,1533.242,1490.736,1578.674,1388.924,1528.304]",12,1507.73375,3444.386908020832,1576.9598
2020,2020-08-18,CON,IND,84.0,62.0,1.0,CON,1482.7572760734806,1481.752894173007,1510.0955062390651,3690.563081514936,1578.6739557551966,1.00673033749271,1500.0,"[1582.309,1543.551,1561.532,1458.824,1525.061,1419.895,1533.242,1490.736,1578.674,1388.924,1528.304]",11,1510.0956363636362,3690.5709042314033,1578.674
2020,2020-08-20,IND,SEA,90.0,84.0,1.0,SEA,1474.1582088994164,1582.308930517959,1502.8741638111758,3485.9937385972457,1563.245749802105,1.0019161092074509,1499.9999999999998,"[1543.551,1561.532,1458.824,1525.061,1419.895,1533.242,1490.736,1578.674,1388.924,1528.304]",10,1502.8743,3486.0033070099976,1563.2461999999998
2020,2020-08-22,CHI,IND,87.0,76.0,1.0,CHI,1485.8164657286288,1543.5506023722414,1498.3545595266132,3669.058147328776,1564.9599949080036,0.998903039684409,1499.9999999999998,"[1561.532,1458.824,1525.061,1419.895,1533.242,1490.736,1578.674,1388.924,1528.304]",9,1498.3546666666666,3669.066153111109,1564.9604
2020,2020-08-25,SEA,IND,87.0,74.0,1.0,SEA,1478.821598779921,1561.5315046962055,1490.457441380414,3566.410140609637,1546.8717058182249,0.9936382942536094,1500.0,"[1458.824,1525.061,1419.895,1533.242,1490.736,1578.674,1388.924,1528.304]",8,1490.4575,3566.4122499999994,1546.8716
2020,2020-08-29,IND,DAL,78.0,82.0,0.0,DAL,1472.4657679361617,1458.823660698362,1494.9765529064214,3912.518351677925,1551.4148843806497,0.9966510352709476,1500.0,"[1525.061,1419.895,1533.242,1490.736,1578.674,1388.924,1528.304]",7,1494.9765714285713,3912.5236616734696,1551.4148
2020,2020-08-31,IND,CHI,77.0,100.0,0.0,CHI,1460.6542170802502,1525.061337232267,1489.9624221854474,4388.614195415123,1555.958062943074,0.9933082814569648,1500.0,"[1419.895,1533.242,1490.736,1578.674,1388.924,1528.304]",6,1489.9624999999999,4388.624552583334,1555.958
2020,2020-09-01,ATL,IND,102.0,90.0,1.0,ATL,1451.0686498176751,1419.8947246638309,1503.9759616897709,4088.061297862768,1560.5012415054985,1.002650641126514,1499.9999999999998,"[1533.242,1490.736,1578.674,1388.924,1528.304]",5,1503.976,4088.0803696000003,1560.5012
2020,2020-09-03,PHO,IND,105.0,81.0,1.0,PHO,1441.60997811445,1533.2421701309513,1496.659409579475,4842.416948415137,1563.562824633446,0.9977729397196502,1500.0,"[1490.736,1578.674,1388.924,1528.304]",4,1496.6595,4842.444600750002,1563.563
2020,2020-09-05,IND,CON,77.0,96.0,0.0,CON,1435.4747349803658,1490.735815450122,1498.6339409559266,6440.960834593821,1568.5998683406965,0.9990892939706176,1500.0000000000002,"[1578.674,1388.924,1528.304]",3,1498.634,6440.998200000002,1568.6
2020,2020-09-08,LVA,IND,92.0,86.0,1.0,LVA,1425.6261494757855,1578.6739557551966,1458.6139335562916,4856.638275090219,1514.3656016574143,0.9724092890375278,1500.0,"[1388.924,1528.304]",2,1458.614,4856.696100000007,1514.366
2020,2020-09-10,IND,NYL,85.0,75.0,1.0,NYL,1420.8848446187567,1388.9243484298884,1528.303518682695,0.0,1528.303518682695,1.01886901245513,1500.0,[1528.304],1,1528.304,0.0,1528.304
2020,2020-09-12,IND,MIN,86.0,98.0,0.0,MIN,1428.5686385179308,1528.303518682695,,,,,1500.0,[],0,,,
2021,2021-05-14,NYL,IND,90.0,87.0,1.0,NYL,1500.0,1500.0,1500.5577374249085,303.4116461286062,1519.6714831844015,1.000371824949939,1500.0,"[1508.571,1520.0,1477.791,1487.537,1478.232,1512.321,1519.452]",7,1500.5577142857144,303.4119919183673,1519.6712
2021,2021-05-16,IND,NYL,65.0,73.0,0.0,NYL,1491.4292623481676,1508.5707376518324,1499.222237387088,341.49533135957466,1519.7262359870017,0.999481491591392,1500.0,"[1520.0,1477.791,1487.537,1478.232,1512.321,1519.452]",6,1499.2221666666667,341.49484513888893,1519.726
2021,2021-05-19,CON,IND,88.0,67.0,1.0,CON,1480.4863276135525,1520.0,1495.0666848645055,306.1826970238422,1516.599753644067,0.9967111232430036,1500.0,"[1477.791,1487.537,1478.232,1512.321,1519.452]",5,1495.0665999999999,306.1814082399998,1516.5996
2021,2021-05-21,IND,ATL,79.0,83.0,0.0,ATL,1473.00720577064,1477.7911284450092,1499.3855739693795,289.46435577880425,1517.312933226551,0.999590382646253,1500.0,"[1487.537,1478.232,1512.321,1519.452]",4,1499.3855,289.46227424999955,1517.3127
2021,2021-05-23,IND,WAS,89.0,77.0,1.0,WAS,1461.7130804258425,1487.5372156590029,1503.335026739505,323.5597656379304,1518.0261128090349,1.00222335115967,1500.0,"[1478.232,1512.321,1519.452]",3,1503.335,323.55549799999994,1518.0258
2021,2021-05-25,IND,WAS,69.0,85.0,0.0,WAS,1471.0183639894965,1478.2319320953488,1515.886574061583,12.7156279218008,1518.739292391519,1.0105910493743886,1500.0,"[1512.321,1519.452]",2,1515.8865,12.712790250000305,1518.7389
2021,2021-05-28,LVA,IND,113.0,77.0,1.0,LVA,1459.7930594484194,1512.320676149163,1519.452471974003,0.0,1519.452471974003,1.0129683146493351,1500.0000000000002,[1519.452],1,1519.452,0.0,1519.452
2021,2021-05-30,LVA,IND,101.0,78.0,1.0,LVA,1452.6612636235795,1519.452471974003,,,,,1500.0,[],0,,,
2022,2022-05-06,WAS,IND,84.0,70.0,1.0,WAS,1500.0,1500.0,1507.209699850392,196.52875499778852,1520.4017258312251,1.0048064665669278,1500.0,"[1511.429,1480.486,1499.432,1508.626,1519.836,1511.373,1519.047,1511.542,1484.83,1525.495]",10,1507.2096000000001,196.53073383999947,1520.4019
2022,2022-05-08,IND,LAS,77.0,87.0,0.0,LAS,1491.4292623481676,1511.4292623481676,1506.7408595728616,216.16717127252625,1520.967657002133,1.0044939063819078,1499.9999999999998,"[1480.486,1499.432,1508.626,1519.836,1511.373,1519.047,1511.542,1484.83,1525.495]",9,1506.7407777777776,216.16953928394994,1520.9678
2022,2022-05-10,IND,MIN,82.0,76.0,1.0,MIN,1480.5679325077233,1480.4863276135525,1510.0226760677751,146.25519212500797,1521.5335881730405,1.0066817840451834,1500.0,"[1499.432,1508.626,1519.836,1511.373,1519.047,1511.542,1484.83,1525.495]",8,1510.022625,146.25604098437506,1521.5337
2022,2022-05-13,NYL,IND,86.0,92.0,0.0,NYL,1489.1363694397885,1499.4320674922767,1511.5356201499892,148.83679263275698,1522.099519343948,1.0076904134333262,1500.0,"[1508.626,1519.836,1511.373,1519.047,1511.542,1484.83,1525.495]",7,1511.5355714285713,148.8377059591839,1522.0996
2022,2022-05-15,IND,ATL,79.0,85.0,0.0,ATL,1500.8546038243223,1508.626316728862,1512.0205040535104,171.99713793895876,1522.6654505148556,1.008013669369007,1500.0,"[1519.836,1511.373,1519.047,1511.542,1484.83,1525.495]",6,1512.0204999999999,171.99790025000027,1522.6655
2022,2022-05-17,IND,ATL,79.0,101.0,0.0,ATL,1489.6451258928664,1519.8357946603178,1510.4574459321489,191.73766138222572,1522.9159860897594,1.0069716306214325,1500.0,"[1511.373,1519.047,1511.542,1484.83,1525.495]",5,1510.4573999999998,191.73779064000016,1522.9158
2022,2022-05-20,CON,IND,94.0,85.0,1.0,CON,1479.0755845303086,1511.372678014861,1510.2286379114707,239.41031117614895,1523.560766159668,1.0068190919409803,1500.0,"[1519.047,1511.542,1484.83,1525.495]",4,1510.2285,239.41026225000013,1523.5606
2022,2022-05-22,IND,CON,70.0,92.0,0.0,CON,1471.4009568748615,1519.0473056703083,1507.2890819918582,284.6497922167486,1522.7044800353897,1.0048593879945722,1500.0,"[1511.542,1484.83,1525.495]",3,1507.289,284.65104199999956,1522.7043999999999
2022,2022-05-24,CHI,IND,95.0,90.0,1.0,CHI,1461.3332143839132,1511.541974699374,1505.1626356381005,413.4093660388923,1521.428612223135,1.0034417570920668,1500.0,"[1484.83,1525.495]",2,1505.1625,413.4105562499993,1521.4285
2022,2022-05-27,IND,LAS,101.0,96.0,1.0,LAS,1454.140050540194,1484.830164906807,1525.4951063693934,0.0,1525.4951063693934,1.0169967375795956,1500.0,[1525.495],1,1525.495,0.0,1525.495
2022,2022-05-31,IND,WAS,75.0,87.0,0.0,WAS,1463.5848389109776,1525.4951063693934,,,,,1500.0,[],0,,,
2023,2023-05-19,IND,CON,61.0,70.0,0.0,CON,1500.0,1500.0,1505.1808992651097,151.9521724993242,1517.624045926397,1.0034539328434062,1500.0,"[1491.429,1502.778,1521.336]",3,1505.1810000000003,151.9586459999993,1517.6244
2023,2023-05-21,NYL,IND,90.0,73.0,1.0,NYL,1488.5707376518324,1491.4292623481676,1512.0567177235805,86.0976203274382,1519.4798219940026,1.0080378118157205,1499.9999999999998,"[1502.778,1521.336]",2,1512.057,86.09984099999993,1519.4802
2023,2023-05-28,ATL,IND,87.0,90.0,0.0,ATL,1480.080497773498,1502.7778373855526,1521.3355980616082,0.0,1521.3355980616082,1.014223732041072,1500.0,[1521.336],1,1521.336,0.0,1521.336
2023,2023-05-30,CON,IND,81.0,78.0,1.0,CON,1492.1428849066813,1521.3355980616082,,,,,1500.0,[],0,,,
2024,2024-05-14,CON,IND,92.0,71.0,1.0,CON,1500.0,1500.0,1500.702212051669,324.43865643918343,1518.2951388589368,1.0004681413677794,1500.0,"[1511.429,1522.291,1516.583,1484.535,1488.809,1504.705,1465.698,1511.568]",8,1500.7022500000003,324.44361618749906,1518.2954
2024,2024-05-16,IND,NYL,66.0,102.0,0.0,NYL,1491.4292623481676,1511.4292623481676,1499.1697762950262,352.000161144599,1518.8659179060332,0.9994465175300176,1499.9999999999998,"[1522.291,1516.583,1484.535,1488.809,1504.705,1465.698,1511.568]",7,1499.169857142857,352.00688126530486,1518.8662
2024,2024-05-18,NYL,IND,91.0,80.0,1.0,NYL,1480.5679325077233,1522.290592188612,1495.3163069794284,306.7222743049309,1514.075202849604,0.9968775379862856,1500.0,"[1516.583,1484.535,1488.809,1504.705,1465.698,1511.568]",6,1495.3163333333334,306.72717455555465,1514.0755
2024,2024-05-20,IND,CON,84.0,88.0,0.0,CON,1473.148253971285,1516.5828017176473,1491.0630080317846,259.52341753775227,1508.8226748391971,0.9940420053545233,1500.0,"[1484.535,1488.809,1504.705,1465.698,1511.568]",5,1491.063,259.52754279999834,1508.8228
2024,2024-05-22,SEA,IND,85.0,83.0,1.0,SEA,1462.9593075550974,1484.535065741302,1492.6949936044057,311.08738737597946,1509.508907124788,0.9951299957362704,1500.0,"[1488.809,1504.705,1465.698,1511.568]",4,1492.6950000000002,311.09230849999824,1509.5091
2024,2024-05-24,LAS,IND,73.0,78.0,0.0,LAS,1454.9907655788509,1488.8088557590097,1493.990372886204,408.07115323312064,1510.195139410379,0.995993581924136,1500.0,"[1504.705,1465.698,1511.568]",3,1493.9903333333334,408.0781908888864,1510.1954
2024,2024-05-25,LVA,IND,99.0,80.0,1.0,LVA,1467.3575061284505,1504.705281125652,1488.63291876648,525.9997859148395,1506.9806669385446,0.99242194584432,1500.0,"[1465.698,1511.568]",2,1488.633,526.0142249999975,1506.981
2024,2024-05-28,IND,LAS,82.0,88.0,0.0,LAS,1459.8199151901206,1465.6982335513994,1511.5676039815608,0.0,1511.5676039815608,1.0077117359877072,1500.0,[1511.568],1,1511.568,0.0,1511.568
2024,2024-05-30,IND,SEA,88.0,103.0,0.0,SEA,1448.5567740763809,1511.5676039815608,,,,,1499.9999999999998,[],0,,,
2025,2025-05-17,IND,CHI,93.0,58.0,1.0,CHI,1500.0,1500.0,1491.706965473232,511.4319045354739,1513.043422260417,0.994471310315488,1500.0,"[1491.429,1503.338,1519.514,1493.125,1451.129]",5,1491.7069999999999,511.4343004000002,1513.0436
2025,2025-05-20,IND,ATL,90.0,91.0,0.0,ATL,1508.5707376518324,1491.4292623481676,1491.776391254498,639.2657809738204,1514.6609847919246,0.9945175941696652,1500.0,"[1503.338,1519.514,1493.125,1451.129]",4,1491.7765,639.2687242500003,1514.6612
2025,2025-05-22,ATL,IND,76.0,81.0,0.0,ATL,1496.6619529286288,1503.3380470713712,1487.9225059822072,792.9446478638334,1514.2359206636245,0.9919483373214716,1500.0,"[1519.514,1493.125,1451.129]",3,1487.9226666666666,792.9501735555558,1514.2361999999998
2025,2025-05-24,IND,NYL,88.0,90.0,0.0,NYL,1508.2789048537468,1519.5136723864475,1472.1269227800867,440.9156257104419,1488.9253155738836,0.9814179485200578,1500.0,"[1493.125,1451.129]",2,1472.127,440.916004000002,1488.9254
2025,2025-05-28,WAS,IND,83.0,77.0,1.0,WAS,1497.1677588552425,1493.1249137723328,1451.1289317878409,0.0,1451.1289317878409,0.9674192878585606,1500.0,[1451.129],1,1451.129,0.0,1451.129
2025,2025-05-30,IND,CON,83.0,85.0,0.0,CON,1488.4828510831296,1451.1289317878409,,,,,1499.9999999999998,[],0,,,
